CONCELHO,CÃ“DIGO,FREGUESIA
ABRANTES,140104,BEMPOSTA
ABRANTES,140105,MARTINCHEL
ABRANTES,140106,MOURISCAS
ABRANTES,140107,PEGO
ABRANTES,140108,RIO DE MOINHOS
ABRANTES,140115,TRAMAGAL
ABRANTES,140118,FONTES
ABRANTES,140119,CARVALHAL
ABRANTES,140120,ABRANTES
ABRANTES,140121,ALDEIA DO MATO
ABRANTES,140122,ALVEGA
ABRANTES,140123,SAO FACUNDO
ABRANTES,140124,SAO MIGUEL DO RIO TORTO
AGUEDA,10103,AGUADA DE CIMA
AGUEDA,10109,FERMENTELOS
AGUEDA,10112,MACINHATA DO VOUGA
AGUEDA,10119,VALONGO DO VOUGA
AGUEDA,10121,AGUEDA
AGUEDA,10122,BARRO
AGUEDA,10123,BELAZAIMA DO CHAO
AGUEDA,10124,RECARDAES
AGUEDA,10125,TRAVASSO
AGUEDA,10126,TROFA
AGUEDA,10127,PRESTIMO
AGUIAR DA BEIRA,90102,CARAPITO
AGUIAR DA BEIRA,90103,CORTICADA
AGUIAR DA BEIRA,90105,DORNELAS
AGUIAR DA BEIRA,90106,EIRADO
AGUIAR DA BEIRA,90107,FORNINHOS
AGUIAR DA BEIRA,90109,PENA VERDE
AGUIAR DA BEIRA,90110,PINHEIRO
AGUIAR DA BEIRA,90114,AGUIAR DA BEIRA
AGUIAR DA BEIRA,90115,SEQUEIROS
AGUIAR DA BEIRA,90116,SOUTO DE AGUIAR DA BEIRA
ALANDROAL,70103,SANTIAGO MAIOR
ALANDROAL,70104,CAPELINS
ALANDROAL,70105,TERENA
ALANDROAL,70107,ALANDROAL
ALBERGARIA-A-VELHA,10202,ALQUERUBIM
ALBERGARIA-A-VELHA,10203,ANGEJA
ALBERGARIA-A-VELHA,10204,BRANCA
ALBERGARIA-A-VELHA,10206,RIBEIRA DE FRAGUAS
ALBERGARIA-A-VELHA,10209,ALBERGARIA-A-VELHA
ALBERGARIA-A-VELHA,10210,SAO JOAO DE LOURE
ALBUFEIRA,80102,GUIA
ALBUFEIRA,80103,PADERNE
ALBUFEIRA,80104,FERREIRAS
ALBUFEIRA,80106,ALBUFEIRA
ALCACER DO SAL,150104,TORRAO
ALCACER DO SAL,150105,SAO MARTINHO
ALCACER DO SAL,150106,COMPORTA
ALCACER DO SAL,150107,ALCACER DO SAL
ALCANENA,140202,BUGALHOS
ALCANENA,140206,MINDE
ALCANENA,140207,MOITAS VENDA
ALCANENA,140208,MONSANTO
ALCANENA,140209,SERRA DE SANTO ANTONIO
ALCANENA,140211,ALCANENA
ALCANENA,140212,MALHOU
ALCOBACA,100102,ALFEIZERAO
ALCOBACA,100104,BARRIO
ALCOBACA,100105,BENEDITA
ALCOBACA,100106,CELA
ALCOBACA,100108,EVORA DE ALCOBACA
ALCOBACA,100109,MAIORGA
ALCOBACA,100112,SAO MARTINHO DO PORTO
ALCOBACA,100114,TURQUEL
ALCOBACA,100116,VIMEIRO
ALCOBACA,100120,ALJUBARROTA
ALCOBACA,100121,ALCOBACA
ALCOBACA,100122,COZ
ALCOBACA,100123,PATAIAS
ALCOCHETE,150201,ALCOCHETE
ALCOCHETE,150202,SAMOUCO
ALCOCHETE,150203,SAO FRANCISCO
ALCOUTIM,80202,GIOES
ALCOUTIM,80203,MARTIM LONGO
ALCOUTIM,80205,VAQUEIROS
ALCOUTIM,80206,ALCOUTIM
ALENQUER,110106,CARNOTA
ALENQUER,110107,MECA
ALENQUER,110108,OLHALVO
ALENQUER,110109,OTA
ALENQUER,110113,VENTOSA
ALENQUER,110114,VILA VERDE DOS FRANCOS
ALENQUER,110117,ABRIGADA
ALENQUER,110118,ALDEIA GALEGA DA MERCEANA
ALENQUER,110119,ALENQUER
ALENQUER,110120,CARREGADO
ALENQUER,110121,RIBAFRIA
ALFANDEGA DA FE,40102,ALFANDEGA DA FE
ALFANDEGA DA FE,40103,CEREJAIS
ALFANDEGA DA FE,40111,SAMBADE
ALFANDEGA DA FE,40118,VILAR CHAO
ALFANDEGA DA FE,40119,VILARELHOS
ALFANDEGA DA FE,40120,VILARES DE VILARICA
ALFANDEGA DA FE,40121,AGROBOM
ALFANDEGA DA FE,40122,EUCISIA
ALFANDEGA DA FE,40123,FERRADOSA
ALFANDEGA DA FE,40124,GEBELIM
ALFANDEGA DA FE,40125,PARADA
ALFANDEGA DA FE,40126,POMBAL
ALIJO,170101,ALIJO
ALIJO,170107,FAVAIOS
ALIJO,170108,PEGARINHOS
ALIJO,170109,PINHAO
ALIJO,170112,SANFINS DO DOURO
ALIJO,170113,SANTA EUGENIA
ALIJO,170114,SAO MAMEDE DE RIBATUA
ALIJO,170116,VILA CHA
ALIJO,170117,VILA VERDE
ALIJO,170118,VILAR DE MACADA
ALIJO,170120,CARLAO
ALIJO,170121,CASTEDO
ALIJO,170122,POPULO
ALIJO,170123,VALE DE MENDIZ
ALJEZUR,80301,ALJEZUR
ALJEZUR,80302,BORDEIRA
ALJEZUR,80303,ODECEIXE
ALJEZUR,80304,ROGIL
ALJUSTREL,20102,ERVIDEL
ALJUSTREL,20103,MESSEJANA
ALJUSTREL,20104,SAO JOAO DE NEGRILHOS
ALJUSTREL,20106,ALJUSTREL
ALMADA,150303,COSTA DA CAPARICA
ALMADA,150312,ALMADA
ALMADA,150313,CAPARICA
ALMADA,150314,CHARNECA DE CAPARICA
ALMADA,150315,LARANJEIRO
ALMEIDA,90203,ALMEIDA
ALMEIDA,90207,CASTELO BOM
ALMEIDA,90209,FREINEDA
ALMEIDA,90210,FREIXO
ALMEIDA,90213,MALHADA SORDA
ALMEIDA,90219,NAVE DE HAVER
ALMEIDA,90224,SAO PEDRO DE RIO SECO
ALMEIDA,90227,VALE DA MULA
ALMEIDA,90229,VILAR FORMOSO
ALMEIDA,90230,AMOREIRA
ALMEIDA,90231,AZINHAL
ALMEIDA,90232,CASTELO MENDO
ALMEIDA,90233,JUNCA
ALMEIDA,90234,LEOMIL
ALMEIDA,90235,MALPARTIDA
ALMEIDA,90236,MIUZELA
ALMEIRIM,140301,ALMEIRIM
ALMEIRIM,140302,BENFICA DO RIBATEJO
ALMEIRIM,140303,FAZENDAS DE ALMEIRIM
ALMEIRIM,140304,RAPOSA
ALMODOVAR,20203,ROSARIO
ALMODOVAR,20205,SANTA CRUZ
ALMODOVAR,20206,SAO BARNABE
ALMODOVAR,20208,ALDEIA DOS FERNANDES
ALMODOVAR,20209,ALMODOVAR
ALMODOVAR,20210,SANTA CLARA-A-NOVA
ALPIARCA,140401,ALPIARCA
ALTER DO CHAO,120101,ALTER DO CHAO
ALTER DO CHAO,120102,CHANCELARIA
ALTER DO CHAO,120103,SEDA
ALTER DO CHAO,120104,CUNHEIRA
ALVAIAZERE,100201,ALMOSTER
ALVAIAZERE,100204,MACAS DE DONA MARIA
ALVAIAZERE,100205,PELMA
ALVAIAZERE,100208,ALVAIAZERE
ALVAIAZERE,100209,PUSSOS SAO PEDRO
ALVITO,20301,ALVITO
ALVITO,20302,VILA NOVA DA BARONIA
AMADORA,111512,ALFRAGIDE
AMADORA,111513,AGUAS LIVRES
AMADORA,111514,ENCOSTA DO SOL
AMADORA,111515,FALAGUEIRA-VENDA NOVA
AMADORA,111516,MINA DE AGUA
AMADORA,111517,VENTEIRA
AMARANTE,130103,ANSIAES
AMARANTE,130107,CANDEMIL
AMARANTE,130112,FREGIM
AMARANTE,130115,FRIDAO
AMARANTE,130117,GONDAR
AMARANTE,130118,JAZENTE
AMARANTE,130119,LOMBA
AMARANTE,130120,LOUREDO
AMARANTE,130121,LUFREI
AMARANTE,130123,MANCELOS
AMARANTE,130126,PADRONELO
AMARANTE,130128,REBORDELO
AMARANTE,130129,SALVADOR DO MONTE
AMARANTE,130134,GOUVEIA
AMARANTE,130135,TELOES
AMARANTE,130136,TRAVANCA
AMARANTE,130138,VILA CAIZ
AMARANTE,130139,VILA CHA DO MARAO
AMARANTE,130141,ABOADELA
AMARANTE,130142,AMARANTE
AMARANTE,130143,BUSTELO
AMARANTE,130144,FIGUEIRO
AMARANTE,130145,FREIXO DE CIMA
AMARANTE,130146,OLO
AMARANTE,130147,REAL
AMARANTE,130148,VILA GARCIA
AMARES,30102,BARREIROS
AMARES,30104,BICO
AMARES,30105,CAIRES
AMARES,30107,CARRAZEDO
AMARES,30108,DORNELAS
AMARES,30111,FISCAL
AMARES,30112,GOAES
AMARES,30113,LAGO
AMARES,30118,RENDUFE
AMARES,30119,BOURO
AMARES,30125,AMARES
AMARES,30126,CALDELAS
AMARES,30127,FERREIROS
AMARES,30128,TORRE
AMARES,30129,VILELA
ANADIA,10304,AVELAS DE CAMINHO
ANADIA,10305,AVELAS DE CIMA
ANADIA,10307,MOITA
ANADIA,10309,SANGALHOS
ANADIA,10310,SAO LOURENCO DO BAIRRO
ANADIA,10312,VILA NOVA DE MONSARROS
ANADIA,10313,VILARINHO DO BAIRRO
ANADIA,10316,AMOREIRA DA GANDARA
ANADIA,10317,ARCOS
ANADIA,10318,TAMENGOS
ANGRA DO HEROISMO,430101,ALTARES
ANGRA DO HEROISMO,430102,ANGRA
ANGRA DO HEROISMO,430106,CINCO RIBEIRAS
ANGRA DO HEROISMO,430107,DOZE RIBEIRAS
ANGRA DO HEROISMO,430108,FETEIRA
ANGRA DO HEROISMO,430109,PORTO JUDEU
ANGRA DO HEROISMO,430110,POSTO SANTO
ANGRA DO HEROISMO,430111,RAMINHO
ANGRA DO HEROISMO,430112,RIBEIRINHA
ANGRA DO HEROISMO,430113,SANTA BARBARA
ANGRA DO HEROISMO,430114,SAO BARTOLOMEU DE REGATOS
ANGRA DO HEROISMO,430115,SAO BENTO
ANGRA DO HEROISMO,430116,SAO MATEUS DA CALHETA
ANGRA DO HEROISMO,430117,SERRETA
ANGRA DO HEROISMO,430118,TERRA CHA
ANGRA DO HEROISMO,430119,VILA DE SAO SEBASTIAO
ANSIAO,100301,ALVORGE
ANSIAO,100303,AVELAR
ANSIAO,100304,CHAO DE COUCE
ANSIAO,100306,POUSAFLORES
ANSIAO,100307,SANTIAGO DA GUARDA
ANSIAO,100309,ANSIAO
ARCOS DE VALDEVEZ,160101,ABOIM DAS CHOCAS
ARCOS DE VALDEVEZ,160102,AGUIA
ARCOS DE VALDEVEZ,160104,AZERE
ARCOS DE VALDEVEZ,160105,CABANA MAIOR
ARCOS DE VALDEVEZ,160106,CABREIRO
ARCOS DE VALDEVEZ,160108,CENDUFE
ARCOS DE VALDEVEZ,160109,COUTO
ARCOS DE VALDEVEZ,160113,GAVIEIRA
ARCOS DE VALDEVEZ,160115,GONDORIZ
ARCOS DE VALDEVEZ,160121,MIRANDA
ARCOS DE VALDEVEZ,160122,MONTE REDONDO
ARCOS DE VALDEVEZ,160123,OLIVEIRA
ARCOS DE VALDEVEZ,160124,PACO
ARCOS DE VALDEVEZ,160125,PADROSO
ARCOS DE VALDEVEZ,160128,PROZELO
ARCOS DE VALDEVEZ,160130,RIO FRIO
ARCOS DE VALDEVEZ,160131,RIO DE MOINHOS
ARCOS DE VALDEVEZ,160133,SABADIM
ARCOS DE VALDEVEZ,160142,JOLDA
ARCOS DE VALDEVEZ,160144,SENHAREI
ARCOS DE VALDEVEZ,160145,SISTELO
ARCOS DE VALDEVEZ,160146,SOAJO
ARCOS DE VALDEVEZ,160149,VALE
ARCOS DE VALDEVEZ,160152,ALVORA
ARCOS DE VALDEVEZ,160153,ARCOS DE VALDEVEZ
ARCOS DE VALDEVEZ,160155,EIRAS
ARCOS DE VALDEVEZ,160156,GRADE
ARCOS DE VALDEVEZ,160157,GUILHADESES
ARCOS DE VALDEVEZ,160159,PADREIRO
ARCOS DE VALDEVEZ,160160,PORTELA
ARCOS DE VALDEVEZ,160161,SAO JORGE
ARCOS DE VALDEVEZ,160162,SOUTO
ARCOS DE VALDEVEZ,160163,TAVORA
ARCOS DE VALDEVEZ,160164,VILELA
ARGANIL,60102,ARGANIL
ARGANIL,60104,BENFEITA
ARGANIL,60105,CELAVISA
ARGANIL,60109,FOLQUES
ARGANIL,60111,PIODAO
ARGANIL,60112,POMARES
ARGANIL,60113,POMBEIRO DA BEIRA
ARGANIL,60114,SAO MARTINHO DA CORTICA
ARGANIL,60115,SARZEDO
ARGANIL,60116,SECARIAS
ARGANIL,60119,CEPOS
ARGANIL,60120,CERDEIRA
ARGANIL,60121,COJA
ARGANIL,60122,VILA COVA DE ALVA
ARMAMAR,180101,ALDEIAS
ARMAMAR,180104,CIMBRES
ARMAMAR,180106,FOLGOSA
ARMAMAR,180107,FONTELO
ARMAMAR,180109,QUEIMADA
ARMAMAR,180110,QUEIMADELA
ARMAMAR,180111,SANTA CRUZ
ARMAMAR,180114,SAO COSMADO
ARMAMAR,180115,SAO MARTINHO DAS CHAS
ARMAMAR,180118,VACALAR
ARMAMAR,180120,ARMAMAR
ARMAMAR,180121,ARICERA
ARMAMAR,180122,SAO ROMAO
ARMAMAR,180123,VILA SECA
AROUCA,10402,ALVARENGA
AROUCA,10407,CHAVE
AROUCA,10409,ESCARIZ
AROUCA,10411,FERMEDO
AROUCA,10413,MANSORES
AROUCA,10414,MOLDES
AROUCA,10415,ROSSAS
AROUCA,10416,SANTA EULALIA
AROUCA,10417,SAO MIGUEL DO MATO
AROUCA,10418,TROPECO
AROUCA,10419,URRO
AROUCA,10420,VARZEA
AROUCA,10421,AROUCA
AROUCA,10422,CABREIROS
AROUCA,10423,CANELAS
AROUCA,10424,COVELO DE PAIVO
ARRAIOLOS,70201,ARRAIOLOS
ARRAIOLOS,70202,IGREJINHA
ARRAIOLOS,70206,VIMIEIRO
ARRAIOLOS,70208,GAFANHOEIRA
ARRAIOLOS,70209,SAO GREGORIO
ARRONCHES,120201,ASSUNCAO
ARRONCHES,120202,ESPERANCA
ARRONCHES,120203,MOSTEIROS
ARRUDA DOS VINHOS,110201,ARRANHO
ARRUDA DOS VINHOS,110202,ARRUDA DOS VINHOS
ARRUDA DOS VINHOS,110203,CARDOSAS
ARRUDA DOS VINHOS,110204,SANTIAGO DOS VELHOS
AVEIRO,10501,ARADAS
AVEIRO,10502,CACIA
AVEIRO,10505,ESGUEIRA
AVEIRO,10508,OLIVEIRINHA
AVEIRO,10510,SAO BERNARDO
AVEIRO,10511,SAO JACINTO
AVEIRO,10513,SANTA JOANA
AVEIRO,10515,EIXO
AVEIRO,10516,REQUEIXO
AVEIRO,10517,GLORIA
AVIS,120302,ALDEIA VELHA
AVIS,120303,AVIS
AVIS,120305,ERVEDAL
AVIS,120306,FIGUEIRA
AVIS,120309,ALCORREGO
AVIS,120310,BENAVILA
AZAMBUJA,110301,ALCOENTRE
AZAMBUJA,110302,AVEIRAS DE BAIXO
AZAMBUJA,110303,AVEIRAS DE CIMA
AZAMBUJA,110304,AZAMBUJA
AZAMBUJA,110306,VALE DO PARAISO
AZAMBUJA,110307,VILA NOVA DA RAINHA
AZAMBUJA,110310,MANIQUE DO INTENDENTE
BAIAO,130204,FRENDE
BAIAO,130205,GESTACO
BAIAO,130206,GOVE
BAIAO,130207,GRILO
BAIAO,130208,LOIVOS DO MONTE
BAIAO,130215,SANTA MARINHA DO ZEZERE
BAIAO,130219,VALADARES
BAIAO,130220,VIARIZ
BAIAO,130221,ANCEDE
BAIAO,130222,BAIAO
BAIAO,130223,CAMPELO
BAIAO,130224,LOIVOS DA RIBEIRA
BAIAO,130225,SANTA CRUZ DO DOURO
BAIAO,130226,TEIXEIRA
BARCELOS,30201,ABADE DE NEIVA
BARCELOS,30202,ABORIM
BARCELOS,30203,ADAES
BARCELOS,30205,AIRO
BARCELOS,30206,ALDREU
BARCELOS,30208,ALVELOS
BARCELOS,30209,ARCOZELO
BARCELOS,30210,AREIAS
BARCELOS,30212,BALUGAES
BARCELOS,30213,BARCELINHOS
BARCELOS,30215,BARQUEIROS
BARCELOS,30216,CAMBESES
BARCELOS,30218,CARAPECOS
BARCELOS,30220,CARVALHAL
BARCELOS,30221,CARVALHAS
BARCELOS,30224,COSSOURADO
BARCELOS,30228,CRISTELO
BARCELOS,30234,FORNELOS
BARCELOS,30235,FRAGOSO
BARCELOS,30237,GILMONDE
BARCELOS,30242,LAMA
BARCELOS,30243,LIJO
BARCELOS,30244,MACIEIRA DE RATES
BARCELOS,30245,MANHENTE
BARCELOS,30247,MARTIM
BARCELOS,30252,MOURE
BARCELOS,30254,OLIVEIRA
BARCELOS,30255,PALME
BARCELOS,30256,PANQUE
BARCELOS,30257,PARADELA
BARCELOS,30259,PEREIRA
BARCELOS,30260,PERELHAL
BARCELOS,30261,POUSA
BARCELOS,30263,REMELHE
BARCELOS,30264,RORIZ
BARCELOS,30265,RIO COVO
BARCELOS,30268,GALEGOS
BARCELOS,30277,TAMEL
BARCELOS,30279,SILVA
BARCELOS,30282,UCHA
BARCELOS,30283,VARZEA
BARCELOS,30287,VILA SECA
BARCELOS,30290,ALHEIRA
BARCELOS,30291,ALVITO
BARCELOS,30292,AREIAS DE VILAR
BARCELOS,30293,BARCELOS
BARCELOS,30294,CAMPO
BARCELOS,30295,CARREIRA
BARCELOS,30296,CHORENTE
BARCELOS,30297,CREIXOMIL
BARCELOS,30298,DURRAES
BARCELOS,30299,GAMIL
BARRANCOS,20401,BARRANCOS
BARREIRO,150407,SANTO ANTONIO DA CHARNECA
BARREIRO,150409,ALTO DO SEIXALINHO
BARREIRO,150410,BARREIRO
BARREIRO,150411,PALHAIS
BATALHA,100401,BATALHA
BATALHA,100402,REGUENGO DO FETAL
BATALHA,100403,SAO MAMEDE
BATALHA,100404,GOLPILHEIRA
BEJA,20502,BALEIZAO
BEJA,20503,BERINGEL
BEJA,20504,CABECA GORDA
BEJA,20506,NOSSA SENHORA DAS NEVES
BEJA,20510,SANTA CLARA DE LOUREDO
BEJA,20516,SAO MATIAS
BEJA,20519,ALBERNOA
BEJA,20520,BEJA
BEJA,20522,SALVADA
BEJA,20523,SANTA VITORIA
BEJA,20524,TRIGACHES
BELMONTE,50102,CARIA
BELMONTE,50104,INGUIAS
BELMONTE,50105,MACAINHAS
BELMONTE,50106,BELMONTE
BENAVENTE,140501,BENAVENTE
BENAVENTE,140502,SAMORA CORREIA
BENAVENTE,140503,SANTO ESTEVAO
BENAVENTE,140504,BARROSA
BOMBARRAL,100502,CARVALHAL
BOMBARRAL,100503,ROLICA
BOMBARRAL,100505,PO
BOMBARRAL,100506,BOMBARRAL
BORBA,70301,BORBA
BORBA,70302,ORADA
BORBA,70303,RIO DE MOINHOS
BOTICAS,170203,BECA
BOTICAS,170208,COVAS DO BARROSO
BOTICAS,170210,DORNELAS
BOTICAS,170213,PINHO
BOTICAS,170215,SAPIAOS
BOTICAS,170217,ALTURAS DO BARROSO
BOTICAS,170218,ARDAOS
BOTICAS,170219,BOTICAS
BOTICAS,170220,CODESSOSO
BOTICAS,170221,VILAR
BRAGA,30301,ADAUFE
BRAGA,30312,ESPINHO
BRAGA,30313,ESPOROES
BRAGA,30315,FIGUEIREDO
BRAGA,30319,GUALTAR
BRAGA,30322,LAMAS
BRAGA,30325,MIRE DE TIBAES
BRAGA,30330,PADIM DA GRACA
BRAGA,30331,PALMEIRA
BRAGA,30334,PEDRALVA
BRAGA,30336,PRISCOS
BRAGA,30338,RUILHE
BRAGA,30349,BRAGA
BRAGA,30354,SEQUEIRA
BRAGA,30355,SOBREPOSTA
BRAGA,30356,TADIM
BRAGA,30357,TEBOSA
BRAGA,30363,ARENTIM
BRAGA,30366,CABREIROS
BRAGA,30367,CELEIROS
BRAGA,30368,CRESPOS
BRAGA,30369,ESCUDEIROS
BRAGA,30370,ESTE
BRAGA,30371,FERREIROS
BRAGA,30372,GUISANDE
BRAGA,30373,LOMAR
BRAGA,30374,MERELIM
BRAGA,30376,MORREIRA
BRAGA,30377,NOGUEIRA
BRAGA,30378,NOGUEIRO
BRAGA,30379,REAL
BRAGA,30380,SANTA LUCRECIA DE ALGERIZ
BRAGA,30381,VILACA
BRAGANCA,40201,ALFAIAO
BRAGANCA,40203,BABE
BRAGANCA,40204,BACAL
BRAGANCA,40206,CARRAGOSA
BRAGANCA,40209,CASTRO DE AVELAS
BRAGANCA,40210,COELHOSO
BRAGANCA,40212,DONAI
BRAGANCA,40213,ESPINHOSELA
BRAGANCA,40215,FRANCA
BRAGANCA,40216,GIMONDE
BRAGANCA,40217,GONDESENDE
BRAGANCA,40218,GOSTEI
BRAGANCA,40219,GRIJO DE PARADA
BRAGANCA,40221,MACEDO DO MATO
BRAGANCA,40224,MOS
BRAGANCA,40225,NOGUEIRA
BRAGANCA,40226,OUTEIRO
BRAGANCA,40229,PARAMIO
BRAGANCA,40230,PINELA
BRAGANCA,40232,QUINTANILHA
BRAGANCA,40233,QUINTELA DE LAMPACAS
BRAGANCA,40234,RABAL
BRAGANCA,40236,REBORDAOS
BRAGANCA,40239,SALSAS
BRAGANCA,40240,SAMIL
BRAGANCA,40241,SANTA COMBA DE ROSSAS
BRAGANCA,40244,SAO PEDRO DE SARRACENOS
BRAGANCA,40246,SENDAS
BRAGANCA,40247,SERAPICOS
BRAGANCA,40248,SORTES
BRAGANCA,40249,ZOIO
BRAGANCA,40250,AVELEDA
BRAGANCA,40251,CASTRELOS
BRAGANCA,40252,IZEDA
BRAGANCA,40253,PARADA
BRAGANCA,40254,REBORDAINHOS
BRAGANCA,40255,RIO FRIO
BRAGANCA,40256,SAO JULIAO DE PALACIOS
BRAGANCA,40257,SE
CABECEIRAS DE BASTO,30401,ABADIM
CABECEIRAS DE BASTO,30404,BASTO
CABECEIRAS DE BASTO,30405,BUCOS
CABECEIRAS DE BASTO,30406,CABECEIRAS DE BASTO
CABECEIRAS DE BASTO,30407,CAVEZ
CABECEIRAS DE BASTO,30408,FAIA
CABECEIRAS DE BASTO,30413,PEDRACA
CABECEIRAS DE BASTO,30415,RIO DOURO
CABECEIRAS DE BASTO,30418,ALVITE
CABECEIRAS DE BASTO,30419,ARCO DE BAULHE
CABECEIRAS DE BASTO,30420,GONDIAES
CABECEIRAS DE BASTO,30421,REFOJOS DE BASTO
CADAVAL,110401,ALGUBER
CADAVAL,110407,PERAL
CADAVAL,110409,VERMELHA
CADAVAL,110410,VILAR
CADAVAL,110411,CADAVAL
CADAVAL,110412,LAMAS
CADAVAL,110413,PAINHO
CALDAS DA RAINHA,100601,A DOS FRANCOS
CALDAS DA RAINHA,100602,ALVORNINHA
CALDAS DA RAINHA,100604,CARVALHAL BENFEITO
CALDAS DA RAINHA,100606,FOZ DO ARELHO
CALDAS DA RAINHA,100607,LANDAL
CALDAS DA RAINHA,100608,NADADOURO
CALDAS DA RAINHA,100609,SALIR DE MATOS
CALDAS DA RAINHA,100611,SANTA CATARINA
CALDAS DA RAINHA,100615,VIDAIS
CALDAS DA RAINHA,100617,CALDAS DA RAINHA - NOSSA SENHORA DO POPULO
CALDAS DA RAINHA,100618,CALDAS DA RAINHA - SANTO ONOFRE
CALDAS DA RAINHA,100619,TORNADA
CALHETA,450101,CALHETA
CALHETA,450102,NORTE PEQUENO
CALHETA,450103,RIBEIRA SECA
CALHETA,450104,SANTO ANTAO
CALHETA,450105,TOPO
CALHETA,310101,ARCO DA CALHETA
CALHETA,310103,ESTREITO DA CALHETA
CALHETA,310104,FAJA DA OVELHA
CALHETA,310105,JARDIM DO MAR
CALHETA,310106,PAUL DO MAR
CALHETA,310107,PONTA DO PARGO
CALHETA,310108,PRAZERES
CAMARA DE LOBOS,310201,CAMARA DE LOBOS
CAMARA DE LOBOS,310202,CURRAL DAS FREIRAS
CAMARA DE LOBOS,310203,ESTREITO DE CAMARA DE LOBOS
CAMARA DE LOBOS,310204,QUINTA GRANDE
CAMARA DE LOBOS,310205,JARDIM DA SERRA
CAMINHA,160201,ANCORA
CAMINHA,160205,ARGELA
CAMINHA,160209,DEM
CAMINHA,160211,LANHELAS
CAMINHA,160214,RIBA DE ANCORA
CAMINHA,160215,SEIXAS
CAMINHA,160217,VILA PRAIA DE ANCORA
CAMINHA,160218,VILAR DE MOUROS
CAMINHA,160220,VILE
CAMINHA,160221,ARGA
CAMINHA,160222,CAMINHA
CAMINHA,160223,GONDAR
CAMINHA,160224,MOLEDO
CAMINHA,160225,VENADE
CAMPO MAIOR,120401,NOSSA SENHORA DA EXPECTACAO
CAMPO MAIOR,120402,NOSSA SENHORA DA GRACA DOS DEGOLADOS
CAMPO MAIOR,120403,SAO JOAO BAPTISTA
CANTANHEDE,60201,ANCA
CANTANHEDE,60203,CADIMA
CANTANHEDE,60205,CORDINHA
CANTANHEDE,60207,FEBRES
CANTANHEDE,60208,MURTEDE
CANTANHEDE,60209,OURENTA
CANTANHEDE,60214,TOCHA
CANTANHEDE,60215,SAO CAETANO
CANTANHEDE,60218,SANGUINHEIRA
CANTANHEDE,60220,CANTANHEDE
CANTANHEDE,60221,COVOES
CANTANHEDE,60222,PORTUNHOS
CANTANHEDE,60223,SEPINS
CANTANHEDE,60224,VILAMAR
CARRAZEDA DE ANSIAES,40304,CARRAZEDA DE ANSIAES
CARRAZEDA DE ANSIAES,40306,FONTE LONGA
CARRAZEDA DE ANSIAES,40308,LINHARES
CARRAZEDA DE ANSIAES,40309,MARZAGAO
CARRAZEDA DE ANSIAES,40311,PARAMBOS
CARRAZEDA DE ANSIAES,40312,PEREIROS
CARRAZEDA DE ANSIAES,40313,PINHAL DO NORTE
CARRAZEDA DE ANSIAES,40314,POMBAL
CARRAZEDA DE ANSIAES,40316,SEIXO DE ANSIAES
CARRAZEDA DE ANSIAES,40318,VILARINHO DA CASTANHEIRA
CARRAZEDA DE ANSIAES,40320,AMEDO
CARRAZEDA DE ANSIAES,40321,BELVER
CARRAZEDA DE ANSIAES,40322,CASTANHEIRO DO NORTE
CARRAZEDA DE ANSIAES,40323,LAVANDEIRA
CARREGAL DO SAL,180201,BEIJOS
CARREGAL DO SAL,180202,CABANAS DE VIRIATO
CARREGAL DO SAL,180204,OLIVEIRA DO CONDE
CARREGAL DO SAL,180206,PARADA
CARREGAL DO SAL,180208,CURRELOS
CARTAXO,140604,PONTEVEL
CARTAXO,140605,VALADA
CARTAXO,140607,VILA CHA DE OURIQUE
CARTAXO,140608,VALE DA PEDRA
CARTAXO,140609,CARTAXO
CARTAXO,140610,EREIRA
CASCAIS,110501,ALCABIDECHE
CASCAIS,110506,SAO DOMINGOS DE RANA
CASCAIS,110507,CARCAVELOS
CASCAIS,110508,CASCAIS
CASTANHEIRA DE PERA,100703,CASTANHEIRA DE PERA
CASTELO BRANCO,50201,ALCAINS
CASTELO BRANCO,50202,ALMACEDA
CASTELO BRANCO,50203,BENQUERENCAS
CASTELO BRANCO,50205,CASTELO BRANCO
CASTELO BRANCO,50211,LARDOSA
CASTELO BRANCO,50212,LOURICAL DO CAMPO
CASTELO BRANCO,50214,MALPICA DO TEJO
CASTELO BRANCO,50216,MONFORTE DA BEIRA
CASTELO BRANCO,50220,SALGUEIRO DO CAMPO
CASTELO BRANCO,50221,SANTO ANDRE DAS TOJEIRAS
CASTELO BRANCO,50222,SAO VICENTE DA BEIRA
CASTELO BRANCO,50223,SARZEDAS
CASTELO BRANCO,50225,TINALHAS
CASTELO BRANCO,50226,CEBOLAIS DE CIMA
CASTELO BRANCO,50227,ESCALOS DE BAIXO
CASTELO BRANCO,50228,ESCALOS DE CIMA
CASTELO BRANCO,50229,FREIXIAL
CASTELO BRANCO,50230,NINHO DO ACOR
CASTELO BRANCO,50231,POVOA DE RIO DE MOINHOS
CASTELO DE PAIVA,10602,FORNOS
CASTELO DE PAIVA,10606,REAL
CASTELO DE PAIVA,10607,SANTA MARIA DE SARDOURA
CASTELO DE PAIVA,10608,SAO MARTINHO DE SARDOURA
CASTELO DE PAIVA,10610,RAIVA
CASTELO DE PAIVA,10611,SOBRADO
CASTELO DE VIDE,120501,NOSSA SENHORA DA GRACA DE POVOA
CASTELO DE VIDE,120502,SANTA MARIA DA DEVESA
CASTELO DE VIDE,120503,SANTIAGO MAIOR
CASTELO DE VIDE,120504,SAO JOAO BAPTISTA
CASTRO DAIRE,180301,ALMOFALA
CASTRO DAIRE,180303,CABRIL
CASTRO DAIRE,180304,CASTRO DAIRE
CASTRO DAIRE,180305,CUJO
CASTRO DAIRE,180309,GOSENDE
CASTRO DAIRE,180312,MOES
CASTRO DAIRE,180313,MOLEDO
CASTRO DAIRE,180314,MONTEIRAS
CASTRO DAIRE,180317,PEPIM
CASTRO DAIRE,180319,PINHEIRO
CASTRO DAIRE,180322,SAO JOANINHO
CASTRO DAIRE,180323,MAMOUROS
CASTRO DAIRE,180324,MEZIO
CASTRO DAIRE,180325,PARADA DE ESTER
CASTRO DAIRE,180326,PICAO
CASTRO DAIRE,180327,RERIZ
CASTRO MARIM,80401,AZINHAL
CASTRO MARIM,80402,CASTRO MARIM
CASTRO MARIM,80403,ODELEITE
CASTRO MARIM,80404,ALTURA
CASTRO VERDE,20603,ENTRADAS
CASTRO VERDE,20604,SANTA BARBARA DE PADROES
CASTRO VERDE,20605,SAO MARCOS DA ATABOEIRA
CASTRO VERDE,20606,CASTRO VERDE
CELORICO DA BEIRA,90302,BARACAL
CELORICO DA BEIRA,90304,CARRAPICHANA
CELORICO DA BEIRA,90306,FORNO TELHEIRO
CELORICO DA BEIRA,90307,LAJEOSA DO MONDEGO
CELORICO DA BEIRA,90308,LINHARES
CELORICO DA BEIRA,90309,MACAL DO CHAO
CELORICO DA BEIRA,90310,MESQUITELA
CELORICO DA BEIRA,90311,MINHOCAL
CELORICO DA BEIRA,90312,PRADOS
CELORICO DA BEIRA,90314,RATOEIRA
CELORICO DA BEIRA,90318,VALE DE AZARES
CELORICO DA BEIRA,90322,CASAS DO SOEIRO
CELORICO DA BEIRA,90323,ACORES
CELORICO DA BEIRA,90324,CELORICO
CELORICO DA BEIRA,90325,CORTICO DA SERRA
CELORICO DA BEIRA,90326,RAPA
CELORICO DE BASTO,30501,AGILDE
CELORICO DE BASTO,30502,ARNOIA
CELORICO DE BASTO,30503,BORBA DE MONTANHA
CELORICO DE BASTO,30508,CODECOSO
CELORICO DE BASTO,30510,FERVENCA
CELORICO DE BASTO,30515,MOREIRA DO CASTELO
CELORICO DE BASTO,30517,REGO
CELORICO DE BASTO,30518,RIBAS
CELORICO DE BASTO,30520,BASTO
CELORICO DE BASTO,30521,VALE DE BOURO
CELORICO DE BASTO,30523,BRITELO
CELORICO DE BASTO,30524,CACARILHE
CELORICO DE BASTO,30525,CANEDO DE BASTO
CELORICO DE BASTO,30526,CARVALHO
CELORICO DE BASTO,30527,VEADE
CHAMUSCA,140704,ULME
CHAMUSCA,140705,VALE DE CAVALOS
CHAMUSCA,140707,CARREGUEIRA
CHAMUSCA,140708,CHAMUSCA
CHAMUSCA,140709,PARREIRA
CHAVES,170301,AGUAS FRIAS
CHAVES,170302,ANELHE
CHAVES,170305,BUSTELO
CHAVES,170309,CIMO DE VILA DA CASTANHEIRA
CHAVES,170310,CURALHA
CHAVES,170312,ERVEDEDO
CHAVES,170313,FAIOES
CHAVES,170314,LAMA DE ARCOS
CHAVES,170316,MAIROS
CHAVES,170317,MOREIRAS
CHAVES,170318,NOGUEIRA DA MONTANHA
CHAVES,170320,OURA
CHAVES,170321,OUTEIRO SECO
CHAVES,170322,PARADELA
CHAVES,170324,REDONDELO
CHAVES,170327,SANFINS
CHAVES,170329,SANTA LEOCADIA
CHAVES,170330,SANTO ANTONIO DE MONFORTE
CHAVES,170331,SANTO ESTEVAO
CHAVES,170333,SAO PEDRO DE AGOSTEM
CHAVES,170334,SAO VICENTE
CHAVES,170340,TRONCO
CHAVES,170341,VALE DE ANTA
CHAVES,170343,VILA VERDE DA RAIA
CHAVES,170344,VILAR DE NANTES
CHAVES,170345,VILARELHO DA RAIA
CHAVES,170347,VILAS BOAS
CHAVES,170348,VILELA SECA
CHAVES,170349,VILELA DO TAMEGA
CHAVES,170350,SANTA MARIA MAIOR
CHAVES,170353,PLANALTO DE MONFORTE
CHAVES,170354,MADALENA
CHAVES,170355,S EIRAS
CHAVES,170356,CALVAO
CHAVES,170357,LOIVOS
CHAVES,170358,SANTA CRUZ/TRINDADE
CHAVES,170359,SOUTELO
CHAVES,170360,TRAVANCAS
CHAVES,170361,VIDAGO
CINFAES,180403,CINFAES
CINFAES,180404,ESPADANEDO
CINFAES,180405,FERREIROS DE TENDAIS
CINFAES,180406,FORNELOS
CINFAES,180408,MOIMENTA
CINFAES,180409,NESPEREIRA
CINFAES,180410,OLIVEIRA DO DOURO
CINFAES,180412,SANTIAGO DE PIAES
CINFAES,180413,SAO CRISTOVAO DE NOGUEIRA
CINFAES,180414,SOUSELO
CINFAES,180415,TAROUQUELA
CINFAES,180416,TENDAIS
CINFAES,180417,TRAVANCA
CINFAES,180418,ALHOES
COIMBRA,60301,ALMALAGUES
COIMBRA,60309,BRASFEMES
COIMBRA,60311,CEIRA
COIMBRA,60312,CERNACHE
COIMBRA,60318,SANTO ANTONIO DOS OLIVAIS
COIMBRA,60320,SAO JOAO DO CAMPO
COIMBRA,60324,SAO SILVESTRE
COIMBRA,60329,TORRES DO MONDEGO
COIMBRA,60332,ANTUZEDE
COIMBRA,60333,ASSAFARGE
COIMBRA,60334,COIMBRA
COIMBRA,60335,EIRAS
COIMBRA,60336,SANTA CLARA
COIMBRA,60337,SAO MARTINHO DE ARVORE
COIMBRA,60338,SAO MARTINHO DO BISPO
COIMBRA,60339,SOUSELAS
COIMBRA,60340,TAVEIRO
COIMBRA,60341,TROUXEMIL
CONDEIXA-A-NOVA,60401,ANOBRA
CONDEIXA-A-NOVA,60406,EGA
CONDEIXA-A-NOVA,60407,FURADOURO
CONDEIXA-A-NOVA,60410,ZAMBUJAL
CONDEIXA-A-NOVA,60411,CONDEIXA-A-VELHA
CONDEIXA-A-NOVA,60412,SEBAL
CONDEIXA-A-NOVA,60413,VILA SECA
CONSTANCIA,140801,CONSTANCIA
CONSTANCIA,140802,MONTALVO
CONSTANCIA,140803,SANTA MARGARIDA DA COUTADA
CORUCHE,140902,COUCO
CORUCHE,140903,SAO JOSE DA LAMAROSA
CORUCHE,140905,BRANCA
CORUCHE,140907,BISCAINHO
CORUCHE,140908,SANTANA DO MATO
CORUCHE,140909,CORUCHE
CORVO,490101,CORVO
COVILHA,50302,ALDEIA DE SAO FRANCISCO DE ASSIS
COVILHA,50305,BOIDOBRA
COVILHA,50308,CORTES DO MEIO
COVILHA,50309,DOMINGUIZO
COVILHA,50310,ERADA
COVILHA,50311,FERRO
COVILHA,50312,ORJAIS
COVILHA,50314,PAUL
COVILHA,50315,PERABOA
COVILHA,50318,SAO JORGE DA BEIRA
COVILHA,50322,SOBRAL DE SAO MIGUEL
COVILHA,50324,TORTOSENDO
COVILHA,50325,UNHAIS DA SERRA
COVILHA,50327,VERDELHOS
COVILHA,50332,BARCO
COVILHA,50333,CANTAR-GALO
COVILHA,50334,CASEGAS
COVILHA,50335,COVILHA
COVILHA,50336,PESO
COVILHA,50337,TEIXOSO
COVILHA,50338,VALE FORMOSO
CRATO,120601,ALDEIA DA MATA
CRATO,120604,GAFETE
CRATO,120605,MONTE DA PEDRA
CRATO,120607,CRATO
CUBA,20701,CUBA
CUBA,20702,FARO DO ALENTEJO
CUBA,20703,VILA ALVA
CUBA,20704,VILA RUIVA
ELVAS,120706,SANTA EULALIA
ELVAS,120707,SAO BRAS
ELVAS,120708,SAO VICENTE
ELVAS,120712,ASSUNCAO
ELVAS,120713,CAIA
ELVAS,120714,BARBACENA
ELVAS,120715,TERRUGEM
ENTRONCAMENTO,141001,SAO JOAO BAPTISTA
ENTRONCAMENTO,141002,NOSSA SENHORA DE FATIMA
ESPINHO,10702,ESPINHO
ESPINHO,10704,PARAMOS
ESPINHO,10705,SILVALDE
ESPINHO,10706,ANTA
ESPOSENDE,30601,ANTAS
ESPOSENDE,30608,FORJAES
ESPOSENDE,30610,GEMESES
ESPOSENDE,30615,VILA CHA
ESPOSENDE,30616,APULIA
ESPOSENDE,30617,BELINHO
ESPOSENDE,30618,ESPOSENDE
ESPOSENDE,30619,FONTE BOA
ESPOSENDE,30620,PALMEIRA DE FARO
ESTARREJA,10801,AVANCA
ESTARREJA,10805,PARDILHO
ESTARREJA,10806,SALREU
ESTARREJA,10808,BEDUIDO
ESTARREJA,10809,CANELAS
ESTREMOZ,70401,ARCOS
ESTREMOZ,70402,GLORIA
ESTREMOZ,70404,EVORA MONTE
ESTREMOZ,70411,SAO DOMINGOS DE ANA LOURA
ESTREMOZ,70413,VEIROS
ESTREMOZ,70414,ESTREMOZ
ESTREMOZ,70415,SAO BENTO DO CORTICO
ESTREMOZ,70416,SAO LOURENCO DE MAMPORCAO
ESTREMOZ,70417,AMEIXIAL
EVORA,70502,NOSSA SENHORA DA GRACA DO DIVOR
EVORA,70503,NOSSA SENHORA DE MACHEDE
EVORA,70506,SAO BENTO DO MATO
EVORA,70509,SAO MIGUEL DE MACHEDE
EVORA,70513,TORRE DE COELHEIROS
EVORA,70515,CANAVIAIS
EVORA,70522,BACELO
EVORA,70523,EVORA
EVORA,70524,MALAGUEIRA
EVORA,70525,NOSSA SENHORA DA TOUREGA
EVORA,70526,SAO MANCOS
EVORA,70527,SAO SEBASTIAO DA GIESTEIRA
FAFE,30705,ARMIL
FAFE,30708,ESTORAOS
FAFE,30709,FAFE
FAFE,30712,FORNELOS
FAFE,30714,GOLAES
FAFE,30716,MEDELO
FAFE,30719,PASSOS
FAFE,30722,QUINCHAES
FAFE,30723,REGADAS
FAFE,30724,REVELHE
FAFE,30725,RIBEIROS
FAFE,30726,AROES
FAFE,30728,SAO GENS
FAFE,30729,SILVARES
FAFE,30733,TRAVASSOS
FAFE,30736,VINHOS
FAFE,30737,ABOIM
FAFE,30738,ROCHOSO
FAFE,30739,ANTIME
FAFE,30740,ARDEGAO
FAFE,30741,CEPAES
FAFE,30742,FREITAS
FAFE,30743,MONTE
FAFE,30744,MOREIRA DO REI
FARO,80503,SANTA BARBARA DE NEXE
FARO,80506,MONTENEGRO
FARO,80507,CONCEICAO
FARO,80508,FARO
FELGUEIRAS,130301,AIAO
FELGUEIRAS,130302,AIRAES
FELGUEIRAS,130305,FRIANDE
FELGUEIRAS,130306,IDAES
FELGUEIRAS,130307,JUGUEIROS
FELGUEIRAS,130313,PENACOVA
FELGUEIRAS,130314,PINHEIRO
FELGUEIRAS,130315,POMBEIRO DE RIBAVIZELA
FELGUEIRAS,130317,REFONTOURA
FELGUEIRAS,130318,REGILDE
FELGUEIRAS,130319,REVINHADE
FELGUEIRAS,130324,SENDIM
FELGUEIRAS,130334,MACIEIRA DA LIXA
FELGUEIRAS,130335,MARGARIDE
FELGUEIRAS,130336,PEDREIRA
FELGUEIRAS,130337,TORRADOS
FELGUEIRAS,130338,UNHAO
FELGUEIRAS,130339,VILA COVA DA LIXA
FELGUEIRAS,130340,VILA FRIA
FELGUEIRAS,130341,VILA VERDE
FERREIRA DO ALENTEJO,20803,FIGUEIRA DOS CAVALEIROS
FERREIRA DO ALENTEJO,20804,ODIVELAS
FERREIRA DO ALENTEJO,20807,ALFUNDAO
FERREIRA DO ALENTEJO,20808,FERREIRA DO ALENTEJO
FERREIRA DO ZEZERE,141101,AGUAS BELAS
FERREIRA DO ZEZERE,141103,BECO
FERREIRA DO ZEZERE,141104,CHAOS
FERREIRA DO ZEZERE,141106,FERREIRA DO ZEZERE
FERREIRA DO ZEZERE,141107,IGREJA NOVA DO SOBRAL
FERREIRA DO ZEZERE,141110,NOSSA SENHORA DO PRANTO
FERREIRA DO ZEZERE,141111,AREIAS
FIGUEIRA DA FOZ,60502,ALQUEIDAO
FIGUEIRA DA FOZ,60507,MAIORCA
FIGUEIRA DA FOZ,60508,MARINHA DAS ONDAS
FIGUEIRA DA FOZ,60512,TAVAREDE
FIGUEIRA DA FOZ,60513,VILA VERDE
FIGUEIRA DA FOZ,60514,SAO PEDRO
FIGUEIRA DA FOZ,60515,BOM SUCESSO
FIGUEIRA DA FOZ,60518,MOINHOS DA GANDARA
FIGUEIRA DA FOZ,60519,ALHADAS
FIGUEIRA DA FOZ,60520,BUARCOS
FIGUEIRA DA FOZ,60521,FERREIRA-A-NOVA
FIGUEIRA DA FOZ,60522,LAVOS
FIGUEIRA DA FOZ,60523,PAIAO
FIGUEIRA DA FOZ,60524,QUIAIOS
FIGUEIRA DE CASTELO RODRIGO,90403,CASTELO RODRIGO
FIGUEIRA DE CASTELO RODRIGO,90406,ESCALHAO
FIGUEIRA DE CASTELO RODRIGO,90408,FIGUEIRA DE CASTELO RODRIGO
FIGUEIRA DE CASTELO RODRIGO,90410,MATA DE LOBOS
FIGUEIRA DE CASTELO RODRIGO,90415,VERMIOSA
FIGUEIRA DE CASTELO RODRIGO,90418,ALGODRES
FIGUEIRA DE CASTELO RODRIGO,90419,ALMOFALA
FIGUEIRA DE CASTELO RODRIGO,90420,CINCO VILAS
FIGUEIRA DE CASTELO RODRIGO,90421,FREIXEDA DO TORRAO
FIGUEIRA DE CASTELO RODRIGO,90422,COLMEAL
FIGUEIRO DOS VINHOS,100801,AGUDA
FIGUEIRO DOS VINHOS,100802,AREGA
FIGUEIRO DOS VINHOS,100803,CAMPELO
FIGUEIRO DOS VINHOS,100806,FIGUEIRO DOS VINHOS
FORNOS DE ALGODRES,90501,ALGODRES
FORNOS DE ALGODRES,90502,CASAL VASCO
FORNOS DE ALGODRES,90504,FIGUEIRO DA GRANJA
FORNOS DE ALGODRES,90505,FORNOS DE ALGODRES
FORNOS DE ALGODRES,90507,INFIAS
FORNOS DE ALGODRES,90509,MACEIRA
FORNOS DE ALGODRES,90510,MATANCA
FORNOS DE ALGODRES,90511,MUXAGATA
FORNOS DE ALGODRES,90512,QUEIRIZ
FORNOS DE ALGODRES,90517,CORTICO
FORNOS DE ALGODRES,90518,JUNCAIS
FORNOS DE ALGODRES,90519,SOBRAL PICHORRO
FREIXO DE ESPADA A CINTA,40404,LIGARES
FREIXO DE ESPADA A CINTA,40406,POIARES
FREIXO DE ESPADA A CINTA,40407,FREIXO DE ESPADA A CINTA
FREIXO DE ESPADA A CINTA,40408,LAGOACA
FRONTEIRA,120801,CABECO DE VIDE
FRONTEIRA,120802,FRONTEIRA
FRONTEIRA,120803,SAO SATURNINO
FUNCHAL,310301,IMACULADO CORACAO DE MARIA
FUNCHAL,310302,MONTE
FUNCHAL,310303,FUNCHAL
FUNCHAL,310305,SANTO ANTONIO
FUNCHAL,310306,SAO GONCALO
FUNCHAL,310307,SAO MARTINHO
FUNCHAL,310309,SAO ROQUE
FUNDAO,50401,ALCAIDE
FUNDAO,50402,ALCARIA
FUNDAO,50403,ALCONGOSTA
FUNDAO,50406,ALPEDRINHA
FUNDAO,50408,BARROCA
FUNDAO,50410,BOGAS DE CIMA
FUNDAO,50411,CAPINHA
FUNDAO,50412,CASTELEJO
FUNDAO,50413,CASTELO NOVO
FUNDAO,50416,FATELA
FUNDAO,50419,LAVACOLHOS
FUNDAO,50420,ORCA
FUNDAO,50421,PERO VISEU
FUNDAO,50424,SILVARES
FUNDAO,50425,SOALHEIRA
FUNDAO,50426,SOUTO DA CASA
FUNDAO,50427,TELHADO
FUNDAO,50431,ENXAMES
FUNDAO,50432,TRES POVOS
FUNDAO,50433,JANEIRO DE CIMA
FUNDAO,50434,FUNDAO
FUNDAO,50435,POVOA DE ATALAIA
FUNDAO,50436,VALE DE PRAZERES
GAVIAO,120902,BELVER
GAVIAO,120903,COMENDA
GAVIAO,120905,MARGEM
GAVIAO,120906,GAVIAO
GOIS,60601,ALVARES
GOIS,60604,GOIS
GOIS,60605,VILA NOVA DO CEIRA
GOIS,60606,CADAFAZ
GOLEGA,141201,AZINHAGA
GOLEGA,141202,GOLEGA
GOLEGA,141203,POMBALINHO
GONDOMAR,130405,LOMBA
GONDOMAR,130408,RIO TINTO
GONDOMAR,130412,BAGUIM DO MONTE
GONDOMAR,130413,FANZERES
GONDOMAR,130414,FOZ DO SOUSA
GONDOMAR,130415,GONDOMAR
GONDOMAR,130416,MELRES
GOUVEIA,90602,ARCOZELO
GOUVEIA,90603,CATIVELOS
GOUVEIA,90605,FOLGOSINHO
GOUVEIA,90612,NESPEREIRA
GOUVEIA,90613,PACOS DA SERRA
GOUVEIA,90614,RIBAMONDEGO
GOUVEIA,90617,SAO PAIO
GOUVEIA,90619,VILA CORTES DA SERRA
GOUVEIA,90620,VILA FRANCA DA SERRA
GOUVEIA,90621,VILA NOVA DE TAZEM
GOUVEIA,90623,ALDEIAS
GOUVEIA,90624,FIGUEIRO DA SERRA
GOUVEIA,90625,GOUVEIA
GOUVEIA,90626,MELO
GOUVEIA,90627,MOIMENTA DA SERRA
GOUVEIA,90628,RIO TORTO
GRANDOLA,150501,AZINHEIRA DOS BARROS
GRANDOLA,150503,MELIDES
GRANDOLA,150505,CARVALHAL
GRANDOLA,150506,GRANDOLA
GUARDA,90703,ALDEIA DO BISPO
GUARDA,90704,ALDEIA VICOSA
GUARDA,90705,ALVENDRE
GUARDA,90706,ARRIFANA
GUARDA,90708,AVELAS DA RIBEIRA
GUARDA,90709,BENESPERA
GUARDA,90711,CASAL DE CINZA
GUARDA,90712,CASTANHEIRA
GUARDA,90713,CAVADOUDE
GUARDA,90714,CODESSEIRO
GUARDA,90716,FAIA
GUARDA,90717,FAMALICAO
GUARDA,90718,FERNAO JOANES
GUARDA,90721,GONCALO BOCAS
GUARDA,90722,JOAO ANTAO
GUARDA,90723,MACAINHAS
GUARDA,90724,MARMELEIRO
GUARDA,90725,MEIOS
GUARDA,90728,PANOIAS DE CIMA
GUARDA,90729,PEGA
GUARDA,90730,PERA DO MOCO
GUARDA,90732,PORTO DA CARNE
GUARDA,90734,RAMELA
GUARDA,90738,SANTANA DA AZINHA
GUARDA,90744,SOBRAL DA SERRA
GUARDA,90746,VALE DE ESTRELA
GUARDA,90747,VALHELHAS
GUARDA,90748,VELA
GUARDA,90749,VIDEMONTE
GUARDA,90750,VILA CORTES DO MONDEGO
GUARDA,90751,VILA FERNANDO
GUARDA,90752,VILA FRANCA DO DEAO
GUARDA,90753,VILA GARCIA
GUARDA,90757,GONCALO
GUARDA,90758,GUARDA
GUARDA,90759,JARMELO SAO MIGUEL
GUARDA,90760,JARMELO SAO PEDRO
GUARDA,90761,AVELAS DE AMBOM
GUARDA,90762,CORUJEIRA
GUARDA,90763,MIZARELA
GUARDA,90764,POUSADE
GUARDA,90765,ROCHOSO
GUARDA,90766,ADAO
GUIMARAES,30801,ALDAO
GUIMARAES,30804,AZUREM
GUIMARAES,30806,BARCO
GUIMARAES,30807,BRITO
GUIMARAES,30808,CALDELAS
GUIMARAES,30812,COSTA
GUIMARAES,30813,CREIXOMIL
GUIMARAES,30815,FERMENTOES
GUIMARAES,30820,GONCA
GUIMARAES,30821,GONDAR
GUIMARAES,30823,GUARDIZELA
GUIMARAES,30824,INFANTAS
GUIMARAES,30827,LONGOS
GUIMARAES,30828,LORDELO
GUIMARAES,30830,MESAO FRIO
GUIMARAES,30831,MOREIRA DE CONEGOS
GUIMARAES,30832,NESPEREIRA
GUIMARAES,30835,PENCELO
GUIMARAES,30836,PINHEIRO
GUIMARAES,30837,POLVOREIRA
GUIMARAES,30838,PONTE
GUIMARAES,30840,RONFE
GUIMARAES,30842,PRAZINS
GUIMARAES,30850,SELHO
GUIMARAES,30857,CANDOSO
GUIMARAES,30858,SANDE
GUIMARAES,30865,SAO TORCATO
GUIMARAES,30866,SERZEDELO
GUIMARAES,30868,SILVARES
GUIMARAES,30871,URGEZES
GUIMARAES,30875,ABACAO
GUIMARAES,30876,AIRAO SANTA MARIA
GUIMARAES,30877,AROSA
GUIMARAES,30878,ATAES
GUIMARAES,30879,BRITEIROS SANTO ESTEVAO
GUIMARAES,30880,BRITEIROS SAO SALVADOR
GUIMARAES,30881,CANDOSO SAO TIAGO
GUIMARAES,30882,CONDE
GUIMARAES,30883,LEITOES
GUIMARAES,30884,OLIVEIRA
GUIMARAES,30885,PRAZINS SANTO TIRSO
GUIMARAES,30886,SANDE SAO LOURENCO
GUIMARAES,30887,SANDE VILA NOVA
GUIMARAES,30888,SELHO SAO LOURENCO
GUIMARAES,30889,SERZEDO
GUIMARAES,30890,SOUTO SANTA MARIA
GUIMARAES,30891,TABUADELO
HORTA,470101,CAPELO
HORTA,470102,CASTELO BRANCO
HORTA,470103,CEDROS
HORTA,470104,FETEIRA
HORTA,470105,FLAMENGOS
HORTA,470106,HORTA
HORTA,470109,PEDRO MIGUEL
HORTA,470110,PRAIA DO ALMOXARIFE
HORTA,470111,PRAIA DO NORTE
HORTA,470112,RIBEIRINHA
HORTA,470113,SALAO
IDANHA-A-NOVA,50502,ALDEIA DE SANTA MARGARIDA
IDANHA-A-NOVA,50505,LADOEIRO
IDANHA-A-NOVA,50506,MEDELIM
IDANHA-A-NOVA,50509,OLEDO
IDANHA-A-NOVA,50510,PENHA GARCIA
IDANHA-A-NOVA,50511,PROENCA-A-VELHA
IDANHA-A-NOVA,50512,ROSMANINHAL
IDANHA-A-NOVA,50514,SAO MIGUEL DE ACHA
IDANHA-A-NOVA,50516,TOULOES
IDANHA-A-NOVA,50518,IDANHA-A-NOVA
IDANHA-A-NOVA,50519,MONFORTINHO
IDANHA-A-NOVA,50520,MONSANTO
IDANHA-A-NOVA,50521,ZEBREIRA
ILHAVO,11005,GAFANHA DA ENCARNACAO
ILHAVO,11006,GAFANHA DA NAZARE
ILHAVO,11007,GAFANHA DO CARMO
ILHAVO,11008,ILHAVO
LAGOA,80602,FERRAGUDO
LAGOA,80604,PORCHES
LAGOA,80607,ESTOMBAR
LAGOA,80608,LAGOA
LAGOA,420101,AGUA DE PAU
LAGOA,420102,CABOUCO
LAGOA,420103,LAGOA
LAGOA,420105,RIBEIRA CHA
LAGOS,80703,LUZ
LAGOS,80704,ODIAXERE
LAGOS,80707,BENSAFRIM
LAGOS,80708,LAGOS
LAJES DAS FLORES,480101,FAJA GRANDE
LAJES DAS FLORES,480102,FAJAZINHA
LAJES DAS FLORES,480103,FAZENDA
LAJES DAS FLORES,480104,LAJEDO
LAJES DAS FLORES,480105,LAJES DAS FLORES
LAJES DAS FLORES,480106,LOMBA
LAJES DAS FLORES,480107,MOSTEIRO
LAJES DO PICO,460101,CALHETA DE NESQUIM
LAJES DO PICO,460102,LAJES DO PICO
LAJES DO PICO,460103,PIEDADE
LAJES DO PICO,460104,RIBEIRAS
LAJES DO PICO,460105,RIBEIRINHA
LAJES DO PICO,460106,SAO JOAO
LAMEGO,180502,AVOES
LAMEGO,180504,BRITIANDE
LAMEGO,180505,CAMBRES
LAMEGO,180507,FERREIRIM
LAMEGO,180508,FERREIROS DE AVOES
LAMEGO,180509,FIGUEIRA
LAMEGO,180510,LALIM
LAMEGO,180511,LAZARIM
LAMEGO,180516,PENAJOIA
LAMEGO,180517,PENUDE
LAMEGO,180519,SAMODAES
LAMEGO,180520,SANDE
LAMEGO,180523,VARZEA DE ABRUNHAIS
LAMEGO,180524,VILA NOVA DE SOUTO D'EL-REI
LAMEGO,180525,LAMEGO
LAMEGO,180526,BIGORNE
LAMEGO,180527,CEPOES
LAMEGO,180528,PARADA DO BISPO
LEIRIA,100901,AMOR
LEIRIA,100902,ARRABAL
LEIRIA,100907,CARANGUEJEIRA
LEIRIA,100909,COIMBRAO
LEIRIA,100913,MACEIRA
LEIRIA,100915,MILAGRES
LEIRIA,100921,REGUEIRA DE PONTES
LEIRIA,100925,BAJOUCA
LEIRIA,100926,BIDOEIRA DE CIMA
LEIRIA,100932,COLMEIAS
LEIRIA,100933,LEIRIA
LEIRIA,100934,MARRAZES
LEIRIA,100935,MONTE REAL
LEIRIA,100936,MONTE REDONDO
LEIRIA,100937,PARCEIROS
LEIRIA,100938,SANTA CATARINA DA SERRA
LEIRIA,100939,SANTA EUFEMIA
LEIRIA,100940,SOUTO DA CARPALHOSA
LISBOA,110601,AJUDA
LISBOA,110602,ALCANTARA
LISBOA,110607,BEATO
LISBOA,110608,BENFICA
LISBOA,110610,CAMPOLIDE
LISBOA,110611,CARNIDE
LISBOA,110618,LUMIAR
LISBOA,110621,MARVILA
LISBOA,110633,OLIVAIS
LISBOA,110639,SAO DOMINGOS DE BENFICA
LISBOA,110654,ALVALADE
LISBOA,110655,AREEIRO
LISBOA,110656,ARROIOS
LISBOA,110657,AVENIDAS NOVAS
LISBOA,110658,BELEM
LISBOA,110659,CAMPO DE OURIQUE
LISBOA,110660,ESTRELA
LISBOA,110661,MISERICORDIA
LISBOA,110662,PARQUE DAS NACOES
LISBOA,110663,PENHA DE FRANCA
LISBOA,110664,SANTA CLARA
LISBOA,110665,SANTA MARIA MAIOR
LISBOA,110666,SANTO ANTONIO
LISBOA,110667,SAO VICENTE
LOULE,80801,ALMANCIL
LOULE,80802,ALTE
LOULE,80803,AMEIXIAL
LOULE,80804,BOLIQUEIME
LOULE,80805,QUARTEIRA
LOULE,80807,SALIR
LOULE,80808,LOULE
LOULE,80812,QUERENCA
LOURES,110702,BUCELAS
LOURES,110705,FANHOES
LOURES,110707,LOURES
LOURES,110708,LOUSA
LOURES,110726,MOSCAVIDE
LOURES,110727,SACAVEM
LOURES,110728,SANTA IRIA DE AZOIA
LOURES,110729,SANTO ANTAO
LOURES,110730,SANTO ANTONIO DOS CAVALEIROS
LOURES,110731,CAMARATE
LOURINHA,110803,MOITA DOS FERREIROS
LOURINHA,110805,REGUENGO GRANDE
LOURINHA,110806,SANTA BARBARA
LOURINHA,110808,VIMEIRO
LOURINHA,110810,RIBAMAR
LOURINHA,110812,LOURINHA
LOURINHA,110813,MIRAGAIA
LOURINHA,110814,SAO BARTOLOMEU DOS GALEGOS
LOUSA,60704,SERPINS
LOUSA,60706,GANDARAS
LOUSA,60707,FOZ DE AROUCE
LOUSA,60708,LOUSA
LOUSADA,130502,AVELEDA
LOUSADA,130504,CAIDE DE REI
LOUSADA,130510,LODARES
LOUSADA,130512,MACIEIRA
LOUSADA,130513,MEINEDO
LOUSADA,130515,NEVOGILDE
LOUSADA,130524,SOUSELA
LOUSADA,130525,TORNO
LOUSADA,130526,VILAR DO TORNO
LOUSADA,130527,CERNADELO
LOUSADA,130528,CRISTELOS
LOUSADA,130529,FIGUEIRAS
LOUSADA,130530,LUSTOSA
LOUSADA,130531,NESPEREIRA
LOUSADA,130532,SILVARES
MACAO,141302,AMENDOA
MACAO,141303,CARDIGOS
MACAO,141304,CARVOEIRO
MACAO,141305,ENVENDOS
MACAO,141307,ORTIGA
MACAO,141309,MACAO
MACEDO DE CAVALEIROS,40502,AMENDOEIRA
MACEDO DE CAVALEIROS,40503,ARCAS
MACEDO DE CAVALEIROS,40507,CARRAPATAS
MACEDO DE CAVALEIROS,40509,CHACIM
MACEDO DE CAVALEIROS,40510,CORTICOS
MACEDO DE CAVALEIROS,40511,CORUJAS
MACEDO DE CAVALEIROS,40514,FERREIRA
MACEDO DE CAVALEIROS,40515,GRIJO
MACEDO DE CAVALEIROS,40516,LAGOA
MACEDO DE CAVALEIROS,40517,LAMALONGA
MACEDO DE CAVALEIROS,40518,LAMAS
MACEDO DE CAVALEIROS,40519,LOMBO
MACEDO DE CAVALEIROS,40520,MACEDO DE CAVALEIROS
MACEDO DE CAVALEIROS,40521,MORAIS
MACEDO DE CAVALEIROS,40523,OLMOS
MACEDO DE CAVALEIROS,40524,PEREDO
MACEDO DE CAVALEIROS,40526,SALSELAS
MACEDO DE CAVALEIROS,40528,SEZULFE
MACEDO DE CAVALEIROS,40530,TALHAS
MACEDO DE CAVALEIROS,40532,VALE BENFEITO
MACEDO DE CAVALEIROS,40533,VALE DA PORCA
MACEDO DE CAVALEIROS,40534,VALE DE PRADOS
MACEDO DE CAVALEIROS,40536,VILARINHO DE AGROCHAO
MACEDO DE CAVALEIROS,40538,VINHAS
MACEDO DE CAVALEIROS,40539,ALA
MACEDO DE CAVALEIROS,40540,BORNES
MACEDO DE CAVALEIROS,40541,CASTELAOS
MACEDO DE CAVALEIROS,40542,ESPADANEDO
MACEDO DE CAVALEIROS,40543,PODENCE
MACEDO DE CAVALEIROS,40544,TALHINHAS
MACHICO,310401,AGUA DE PENA
MACHICO,310402,CANICAL
MACHICO,310403,MACHICO
MACHICO,310404,PORTO DA CRUZ
MACHICO,310405,SANTO ANTONIO DA SERRA
MADALENA,460201,BANDEIRAS
MADALENA,460202,CANDELARIA
MADALENA,460203,CRIACAO VELHA
MADALENA,460204,MADALENA
MADALENA,460205,SAO CAETANO
MADALENA,460206,SAO MATEUS
MAFRA,110902,CARVOEIRA
MAFRA,110904,ENCARNACAO
MAFRA,110906,ERICEIRA
MAFRA,110909,MAFRA
MAFRA,110911,MILHARADO
MAFRA,110913,SANTO ISIDORO
MAFRA,110918,AZUEIRA
MAFRA,110919,ENXARA DO BISPO
MAFRA,110920,IGREJA NOVA
MAFRA,110921,MALVEIRA
MAFRA,110922,VENDA DO PINHEIRO
MAIA,130601,AGUAS SANTAS
MAIA,130603,FOLGOSA
MAIA,130608,MILHEIROS
MAIA,130609,MOREIRA
MAIA,130613,SAO PEDRO FINS
MAIA,130616,VILA NOVA DA TELHA
MAIA,130617,PEDROUCOS
MAIA,130618,CASTELO DA MAIA
MAIA,130619,CIDADE DA MAIA
MAIA,130620,NOGUEIRA
MANGUALDE,180601,ABRUNHOSA-A-VELHA
MANGUALDE,180602,ALCAFACHE
MANGUALDE,180605,CUNHA BAIXA
MANGUALDE,180606,ESPINHO
MANGUALDE,180607,FORNOS DE MACEIRA DAO
MANGUALDE,180608,FREIXIOSA
MANGUALDE,180614,QUINTELA DE AZURARA
MANGUALDE,180616,SAO JOAO DA FRESTA
MANGUALDE,180619,MANGUALDE
MANGUALDE,180620,MOIMENTA DE MACEIRA DAO
MANGUALDE,180621,SANTIAGO DE CASSURRAES
MANGUALDE,180622,TAVARES
MANTEIGAS,90801,SAMEIRO
MANTEIGAS,90802,MANTEIGAS
MANTEIGAS,90804,VALE DE AMOREIRA
MARCO DE CANAVESES,130704,BANHO
MARCO DE CANAVESES,130705,CONSTANCE
MARCO DE CANAVESES,130722,SOALHAES
MARCO DE CANAVESES,130723,SOBRETAMEGA
MARCO DE CANAVESES,130724,TABUADO
MARCO DE CANAVESES,130730,VILA BOA DO BISPO
MARCO DE CANAVESES,130732,ALPENDORADA
MARCO DE CANAVESES,130733,AVESSADAS
MARCO DE CANAVESES,130734,BEM VIVER
MARCO DE CANAVESES,130735,SANTO ISIDORO
MARCO DE CANAVESES,130736,MARCO
MARCO DE CANAVESES,130737,PAREDES DE VIADORES
MARCO DE CANAVESES,130738,PENHALONGA
MARCO DE CANAVESES,130739,SANDE
MARCO DE CANAVESES,130740,VARZEA
MARCO DE CANAVESES,130741,VILA BOA DE QUIRES
MARINHA GRANDE,101001,MARINHA GRANDE
MARINHA GRANDE,101002,VIEIRA DE LEIRIA
MARINHA GRANDE,101003,MOITA
MARVAO,121001,BEIRA
MARVAO,121002,SANTA MARIA DE MARVAO
MARVAO,121003,SANTO ANTONIO DAS AREIAS
MARVAO,121004,SAO SALVADOR DA ARAMENHA
MATOSINHOS,130811,CUSTOIAS
MATOSINHOS,130812,MATOSINHOS
MATOSINHOS,130813,PERAFITA
MATOSINHOS,130814,SAO MAMEDE DE INFESTA
MEALHADA,11102,BARCOUCO
MEALHADA,11103,CASAL COMBA
MEALHADA,11104,LUSO
MEALHADA,11106,PAMPILHOSA
MEALHADA,11107,VACARICA
MEALHADA,11109,MEALHADA
MEDA,90901,AVELOSO
MEDA,90902,BARREIRA
MEDA,90905,CORISCADA
MEDA,90907,LONGROIVA
MEDA,90908,MARIALVA
MEDA,90912,POCO DO CANTO
MEDA,90914,RABACAL
MEDA,90915,RANHADOS
MEDA,90917,MEDA
MEDA,90918,PROVA
MEDA,90919,VALE FLOR
MELGACO,160301,ALVAREDO
MELGACO,160304,COUSSO
MELGACO,160305,CRISTOVAL
MELGACO,160307,FIAES
MELGACO,160308,GAVE
MELGACO,160311,PADERNE
MELGACO,160313,PENSO
MELGACO,160317,SAO PAIO
MELGACO,160319,CASTRO LABOREIRO
MELGACO,160320,CHAVIAES
MELGACO,160321,PARADA DO MONTE
MELGACO,160322,PRADO
MELGACO,160323,VILA
MERTOLA,20901,ALCARIA RUIVA
MERTOLA,20902,CORTE DO PINTO
MERTOLA,20903,ESPIRITO SANTO
MERTOLA,20904,MERTOLA
MERTOLA,20905,SANTANA DE CAMBAS
MERTOLA,20906,SAO JOAO DOS CALDEIREIROS
MERTOLA,20910,SAO MIGUEL DO PINHEIRO
MESAO FRIO,170401,BARQUEIROS
MESAO FRIO,170402,CIDADELHE
MESAO FRIO,170403,OLIVEIRA
MESAO FRIO,170407,VILA MARIM
MESAO FRIO,170408,MESAO FRIO
MIRA,60801,MIRA
MIRA,60802,SEIXO
MIRA,60803,CARAPELHOS
MIRA,60804,PRAIA DE MIRA
MIRANDA DO CORVO,60901,LAMAS
MIRANDA DO CORVO,60902,MIRANDA DO CORVO
MIRANDA DO CORVO,60905,VILA NOVA
MIRANDA DO CORVO,60906,SEMIDE
MIRANDA DO DOURO,40604,DUAS IGREJAS
MIRANDA DO DOURO,40605,GENISIO
MIRANDA DO DOURO,40607,MALHADAS
MIRANDA DO DOURO,40608,MIRANDA DO DOURO
MIRANDA DO DOURO,40609,PALACOULO
MIRANDA DO DOURO,40611,PICOTE
MIRANDA DO DOURO,40612,POVOA
MIRANDA DO DOURO,40613,SAO MARTINHO DE ANGUEIRA
MIRANDA DO DOURO,40616,VILA CHA DE BRACIOSA
MIRANDA DO DOURO,40618,CONSTANTIM
MIRANDA DO DOURO,40619,IFANES
MIRANDA DO DOURO,40620,SENDIM
MIRANDA DO DOURO,40621,SILVA
MIRANDELA,40701,ABAMBRES
MIRANDELA,40702,ABREIRO
MIRANDELA,40703,AGUIEIRAS
MIRANDELA,40704,ALVITES
MIRANDELA,40708,BOUCA
MIRANDELA,40709,CABANELAS
MIRANDELA,40710,CARAVELAS
MIRANDELA,40711,CARVALHAIS
MIRANDELA,40712,CEDAES
MIRANDELA,40713,COBRO
MIRANDELA,40714,FRADIZELA
MIRANDELA,40716,FRECHAS
MIRANDELA,40718,LAMAS DE ORELHAO
MIRANDELA,40720,MASCARENHAS
MIRANDELA,40721,MIRANDELA
MIRANDELA,40722,MURIAS
MIRANDELA,40724,PASSOS
MIRANDELA,40727,SAO PEDRO VELHO
MIRANDELA,40728,SAO SALVADOR
MIRANDELA,40729,SUCAES
MIRANDELA,40730,TORRE DE DONA CHAMA
MIRANDELA,40731,VALE DE ASNES
MIRANDELA,40732,VALE DE GOUVINHAS
MIRANDELA,40733,VALE DE SALGUEIRO
MIRANDELA,40734,VALE DE TELHAS
MIRANDELA,40738,AVANTOS
MIRANDELA,40739,AVIDAGOS
MIRANDELA,40740,BARCEL
MIRANDELA,40741,FRANCO
MIRANDELA,40742,FREIXEDA
MOGADOURO,40801,AZINHOSO
MOGADOURO,40802,BEMPOSTA
MOGADOURO,40803,BRUCO
MOGADOURO,40804,BRUNHOSO
MOGADOURO,40807,CASTELO BRANCO
MOGADOURO,40808,CASTRO VICENTE
MOGADOURO,40809,MEIRINHOS
MOGADOURO,40811,PARADELA
MOGADOURO,40812,PENAS ROIAS
MOGADOURO,40813,PEREDO DA BEMPOSTA
MOGADOURO,40815,SALDANHA
MOGADOURO,40817,SAO MARTINHO DO PESO
MOGADOURO,40819,TO
MOGADOURO,40820,TRAVANCA
MOGADOURO,40821,URROS
MOGADOURO,40822,VALE DA MADRE
MOGADOURO,40826,VILA DE ALA
MOGADOURO,40829,BRUNHOZINHO
MOGADOURO,40830,MOGADOURO
MOGADOURO,40831,REMONDES
MOGADOURO,40832,VILARINHO DOS GALEGOS
MOIMENTA DA BEIRA,180702,ALVITE
MOIMENTA DA BEIRA,180703,ARCOZELOS
MOIMENTA DA BEIRA,180705,BALDOS
MOIMENTA DA BEIRA,180706,CABACOS
MOIMENTA DA BEIRA,180707,CARIA
MOIMENTA DA BEIRA,180708,CASTELO
MOIMENTA DA BEIRA,180709,LEOMIL
MOIMENTA DA BEIRA,180710,MOIMENTA DA BEIRA
MOIMENTA DA BEIRA,180713,PASSO
MOIMENTA DA BEIRA,180716,RUA
MOIMENTA DA BEIRA,180717,SARZEDO
MOIMENTA DA BEIRA,180719,SEVER
MOIMENTA DA BEIRA,180720,VILAR
MOIMENTA DA BEIRA,180721,PARADINHA
MOIMENTA DA BEIRA,180722,PERA VELHA
MOIMENTA DA BEIRA,180723,PEVA
MOITA,150601,ALHOS VEDROS
MOITA,150603,MOITA
MOITA,150607,BAIXA DA BANHEIRA
MOITA,150608,GAIO-ROSARIO
MONCAO,160401,ABEDIM
MONCAO,160404,BARBEITA
MONCAO,160405,BARROCAS
MONCAO,160406,BELA
MONCAO,160407,CAMBESES
MONCAO,160410,LARA
MONCAO,160411,LONGOS VALES
MONCAO,160415,MERUFE
MONCAO,160418,MOREIRA
MONCAO,160420,PIAS
MONCAO,160421,PINHEIROS
MONCAO,160422,PODAME
MONCAO,160423,PORTELA
MONCAO,160424,RIBA DE MOURO
MONCAO,160427,SEGUDE
MONCAO,160428,TANGIL
MONCAO,160431,TRUTE
MONCAO,160434,ANHOES
MONCAO,160435,CEIVAES
MONCAO,160436,MAZEDO
MONCAO,160437,MESSEGAES
MONCAO,160438,MONCAO
MONCAO,160439,SAGO
MONCAO,160440,TROPORIZ
MONCHIQUE,80901,ALFERCE
MONCHIQUE,80902,MARMELETE
MONCHIQUE,80903,MONCHIQUE
MONDIM DE BASTO,170501,ATEI
MONDIM DE BASTO,170502,BILHO
MONDIM DE BASTO,170505,MONDIM DE BASTO
MONDIM DE BASTO,170508,VILAR DE FERREIROS
MONDIM DE BASTO,170509,CAMPANHO
MONDIM DE BASTO,170510,ERMELO
MONFORTE,121101,ASSUMAR
MONFORTE,121102,MONFORTE
MONFORTE,121103,SANTO ALEIXO
MONFORTE,121104,VAIAMONTE
MONTALEGRE,170601,CABRIL
MONTALEGRE,170603,CERVOS
MONTALEGRE,170604,CHA
MONTALEGRE,170607,COVELO DO GERES
MONTALEGRE,170609,FERRAL
MONTALEGRE,170612,GRALHAS
MONTALEGRE,170616,MORGADE
MONTALEGRE,170618,NEGROES
MONTALEGRE,170619,OUTEIRO
MONTALEGRE,170623,PITOES DAS JUNIAS
MONTALEGRE,170625,REIGOSO
MONTALEGRE,170626,SALTO
MONTALEGRE,170627,SANTO ANDRE
MONTALEGRE,170629,SARRAQUINHOS
MONTALEGRE,170631,SOLVEIRA
MONTALEGRE,170632,TOUREM
MONTALEGRE,170635,VILA DA PONTE
MONTALEGRE,170636,CAMBESES DO RIO
MONTALEGRE,170637,MEIXEDO
MONTALEGRE,170638,MONTALEGRE
MONTALEGRE,170639,PARADELA
MONTALEGRE,170640,SEZELHE
MONTALEGRE,170641,VENDA NOVA
MONTALEGRE,170642,VIADE DE BAIXO
MONTALEGRE,170643,VILAR DE PERDIZES
MONTEMOR-O-NOVO,70601,CABRELA
MONTEMOR-O-NOVO,70605,SANTIAGO DO ESCOURAL
MONTEMOR-O-NOVO,70606,SAO CRISTOVAO
MONTEMOR-O-NOVO,70607,CIBORRO
MONTEMOR-O-NOVO,70610,FOROS DE VALE DE FIGUEIRA
MONTEMOR-O-NOVO,70611,CORTICADAS DE LAVRE
MONTEMOR-O-NOVO,70612,NOSSA SENHORA DA VILA
MONTEMOR-O-VELHO,61002,ARAZEDE
MONTEMOR-O-VELHO,61003,CARAPINHEIRA
MONTEMOR-O-VELHO,61005,LICEIA
MONTEMOR-O-VELHO,61006,MEAS DO CAMPO
MONTEMOR-O-VELHO,61008,PEREIRA
MONTEMOR-O-VELHO,61009,SANTO VARAO
MONTEMOR-O-VELHO,61010,SEIXO DE GATOES
MONTEMOR-O-VELHO,61011,TENTUGAL
MONTEMOR-O-VELHO,61014,EREIRA
MONTEMOR-O-VELHO,61015,ABRUNHEIRA
MONTEMOR-O-VELHO,61016,MONTEMOR-O-VELHO
MONTIJO,150701,CANHA
MONTIJO,150704,SARILHOS GRANDES
MONTIJO,150709,ATALAIA
MONTIJO,150710,MONTIJO
MONTIJO,150711,PEGOES
MORA,70701,BROTAS
MORA,70702,CABECAO
MORA,70703,MORA
MORA,70704,PAVIA
MORTAGUA,180802,CERCOSA
MORTAGUA,180804,ESPINHO
MORTAGUA,180805,MARMELEIRA
MORTAGUA,180807,PALA
MORTAGUA,180808,SOBRAL
MORTAGUA,180809,TREZOI
MORTAGUA,180811,MORTAGUA
MOURA,21001,AMARELEJA
MOURA,21002,POVOA DE SAO MIGUEL
MOURA,21008,SOBRAL DA ADICA
MOURA,21009,MOURA
MOURA,21010,SAFARA
MOURAO,70801,GRANJA
MOURAO,70802,LUZ
MOURAO,70803,MOURAO
MURCA,170701,CANDEDO
MURCA,170703,FIOLHOSO
MURCA,170704,JOU
MURCA,170705,MURCA
MURCA,170708,VALONGO DE MILHAIS
MURCA,170710,CARVA
MURCA,170711,NOURA
MURTOSA,11201,BUNHEIRO
MURTOSA,11202,MONTE
MURTOSA,11203,MURTOSA
MURTOSA,11204,TORREIRA
NAZARE,101101,FAMALICAO
NAZARE,101102,NAZARE
NAZARE,101103,VALADO DOS FRADES
NELAS,180901,CANAS DE SENHORIM
NELAS,180903,NELAS
NELAS,180905,SENHORIM
NELAS,180906,VILAR SECO
NELAS,180908,LAPA DO LOBO
NELAS,180910,CARVALHAL REDONDO
NELAS,180911,SANTAR
NISA,121201,ALPALHAO
NISA,121205,MONTALVAO
NISA,121207,SANTANA
NISA,121208,SAO MATIAS
NISA,121210,TOLOSA
NISA,121211,AREZ
NISA,121212,ESPIRITO SANTO
NORDESTE,420201,ACHADA
NORDESTE,420202,ACHADINHA
NORDESTE,420203,LOMBA DA FAZENDA
NORDESTE,420204,NORDESTE
NORDESTE,420206,SALGA
NORDESTE,420207,SANTANA
NORDESTE,420208,ALGARVIA
NORDESTE,420209,SANTO ANTONIO DE NORDESTINHO
NORDESTE,420210,SAO PEDRO DE NORDESTINHO
OBIDOS,101201,A DOS NEGROS
OBIDOS,101202,AMOREIRA
OBIDOS,101203,OLHO MARINHO
OBIDOS,101207,VAU
OBIDOS,101208,GAEIRAS
OBIDOS,101209,USSEIRA
OBIDOS,101210,SANTA MARIA
ODEMIRA,21102,RELIQUIAS
ODEMIRA,21103,SABOIA
ODEMIRA,21106,SAO LUIS
ODEMIRA,21107,SAO MARTINHO DAS AMOREIRAS
ODEMIRA,21111,VILA NOVA DE MILFONTES
ODEMIRA,21115,LUZIANES-GARE
ODEMIRA,21116,BOAVISTA DOS PINHEIROS
ODEMIRA,21117,LONGUEIRA/ALMOGRAVE
ODEMIRA,21118,COLOS
ODEMIRA,21119,SANTA CLARA-A-VELHA
ODEMIRA,21120,SAO SALVADOR
ODEMIRA,21121,SAO TEOTONIO
ODEMIRA,21122,VALE DE SANTIAGO
ODIVELAS,111603,ODIVELAS
ODIVELAS,111608,PONTINHA
ODIVELAS,111609,POVOA DE SANTO ADRIAO
ODIVELAS,111610,RAMADA
OEIRAS,111002,BARCARENA
OEIRAS,111009,PORTO SALVO
OEIRAS,111012,ALGES
OEIRAS,111013,CARNAXIDE
OEIRAS,111014,OEIRAS
OLEIROS,50601,ALVARO
OLEIROS,50603,CAMBAS
OLEIROS,50605,ISNA
OLEIROS,50606,MADEIRA
OLEIROS,50607,MOSTEIRO
OLEIROS,50609,ORVALHO
OLEIROS,50610,SARNADAS DE SAO SIMAO
OLEIROS,50611,SOBRAL
OLEIROS,50613,ESTREITO-VILAR BARROCO
OLEIROS,50614,OLEIROS-AMIEIRA
OLHAO,81003,OLHAO
OLHAO,81004,PECHAO
OLHAO,81005,QUELFES
OLHAO,81006,MONCARAPACHO
OLIVEIRA DE AZEMEIS,11301,CARREGOSA
OLIVEIRA DE AZEMEIS,11302,CESAR
OLIVEIRA DE AZEMEIS,11303,FAJOES
OLIVEIRA DE AZEMEIS,11304,LOUREIRO
OLIVEIRA DE AZEMEIS,11305,MACIEIRA DE SARNES
OLIVEIRA DE AZEMEIS,11310,OSSELA
OLIVEIRA DE AZEMEIS,11315,SAO MARTINHO DA GANDARA
OLIVEIRA DE AZEMEIS,11318,SAO ROQUE
OLIVEIRA DE AZEMEIS,11319,VILA DE CUCUJAES
OLIVEIRA DE AZEMEIS,11320,NOGUEIRA DO CRAVO
OLIVEIRA DE AZEMEIS,11321,OLIVEIRA DE AZEMEIS
OLIVEIRA DE AZEMEIS,11322,PINHEIRO DA BEMPOSTA
OLIVEIRA DE FRADES,181002,ARCOZELO DAS MAIAS
OLIVEIRA DE FRADES,181005,PINHEIRO
OLIVEIRA DE FRADES,181007,RIBEIRADIO
OLIVEIRA DE FRADES,181008,SAO JOAO DA SERRA
OLIVEIRA DE FRADES,181009,SAO VICENTE DE LAFOES
OLIVEIRA DE FRADES,181013,ARCA
OLIVEIRA DE FRADES,181014,DESTRIZ
OLIVEIRA DE FRADES,181015,OLIVEIRA DE FRADES
OLIVEIRA DO BAIRRO,11403,OIA
OLIVEIRA DO BAIRRO,11404,OLIVEIRA DO BAIRRO
OLIVEIRA DO BAIRRO,11405,PALHACA
OLIVEIRA DO BAIRRO,11407,BUSTOS
OLIVEIRA DO HOSPITAL,61101,ALDEIA DAS DEZ
OLIVEIRA DO HOSPITAL,61102,ALVOCO DAS VARZEAS
OLIVEIRA DO HOSPITAL,61103,AVO
OLIVEIRA DO HOSPITAL,61104,BOBADELA
OLIVEIRA DO HOSPITAL,61106,LAGARES
OLIVEIRA DO HOSPITAL,61109,LOUROSA
OLIVEIRA DO HOSPITAL,61110,MERUGE
OLIVEIRA DO HOSPITAL,61111,NOGUEIRA DO CRAVO
OLIVEIRA DO HOSPITAL,61115,SAO GIAO
OLIVEIRA DO HOSPITAL,61118,SEIXO DA BEIRA
OLIVEIRA DO HOSPITAL,61119,TRAVANCA DE LAGOS
OLIVEIRA DO HOSPITAL,61122,ERVEDAL
OLIVEIRA DO HOSPITAL,61123,LAGOS DA BEIRA
OLIVEIRA DO HOSPITAL,61124,OLIVEIRA DO HOSPITAL
OLIVEIRA DO HOSPITAL,61125,PENALVA DE ALVA
OLIVEIRA DO HOSPITAL,61126,SANTA OVAIA
OUREM,142101,ALBURITEL
OUREM,142102,ATOUGUIA
OUREM,142104,CAXARIAS
OUREM,142105,ESPITE
OUREM,142106,FATIMA
OUREM,142111,NOSSA SENHORA DAS MISERICORDIAS
OUREM,142113,SEICA
OUREM,142114,URQUEIRA
OUREM,142115,NOSSA SENHORA DA PIEDADE
OUREM,142119,FREIXIANDA
OUREM,142120,GONDEMARIA
OUREM,142121,MATAS
OUREM,142122,RIO DE COUROS
OURIQUE,21203,OURIQUE
OURIQUE,21206,SANTANA DA SERRA
OURIQUE,21207,GARVAO
OURIQUE,21208,PANOIAS
OVAR,11502,CORTEGACA
OVAR,11503,ESMORIZ
OVAR,11504,MACEDA
OVAR,11507,VALEGA
OVAR,11509,OVAR
PACOS DE FERREIRA,130902,CARVALHOSA
PACOS DE FERREIRA,130904,EIRIZ
PACOS DE FERREIRA,130905,FERREIRA
PACOS DE FERREIRA,130906,FIGUEIRO
PACOS DE FERREIRA,130908,FREAMUNDE
PACOS DE FERREIRA,130910,MEIXOMIL
PACOS DE FERREIRA,130913,PENAMAIOR
PACOS DE FERREIRA,130914,RAIMONDA
PACOS DE FERREIRA,130916,SEROA
PACOS DE FERREIRA,130917,FRAZAO ARREIGADA
PACOS DE FERREIRA,130918,PACOS DE FERREIRA
PACOS DE FERREIRA,130919,SANFINS LAMOSO CODESSOS
PALMELA,150802,PALMELA
PALMELA,150803,PINHAL NOVO
PALMELA,150804,QUINTA DO ANJO
PALMELA,150806,POCEIRAO
PAMPILHOSA DA SERRA,61201,CABRIL
PAMPILHOSA DA SERRA,61202,DORNELAS DO ZEZERE
PAMPILHOSA DA SERRA,61204,JANEIRO DE BAIXO
PAMPILHOSA DA SERRA,61206,PAMPILHOSA DA SERRA
PAMPILHOSA DA SERRA,61207,PESSEGUEIRO
PAMPILHOSA DA SERRA,61209,UNHAIS-O-VELHO
PAMPILHOSA DA SERRA,61211,FAJAO-VIDUAL
PAMPILHOSA DA SERRA,61212,PORTELA DO FOJO-MACHIO
PAREDES,131001,AGUIAR DE SOUSA
PAREDES,131002,ASTROMIL
PAREDES,131003,BALTAR
PAREDES,131004,BEIRE
PAREDES,131008,CETE
PAREDES,131009,CRISTELO
PAREDES,131010,DUAS IGREJAS
PAREDES,131011,GANDRA
PAREDES,131013,LORDELO
PAREDES,131014,LOUREDO
PAREDES,131017,PARADA DE TODEIA
PAREDES,131018,REBORDOSA
PAREDES,131019,RECAREI
PAREDES,131020,SOBREIRA
PAREDES,131021,SOBROSA
PAREDES,131022,VANDOMA
PAREDES,131024,VILELA
PAREDES,131025,PAREDES
PAREDES DE COURA,160501,AGUALONGA
PAREDES DE COURA,160503,CASTANHEIRA
PAREDES DE COURA,160505,COURA
PAREDES DE COURA,160507,CUNHA
PAREDES DE COURA,160510,INFESTA
PAREDES DE COURA,160513,MOZELOS
PAREDES DE COURA,160514,PADORNELO
PAREDES DE COURA,160515,PARADA
PAREDES DE COURA,160519,ROMARIGAES
PAREDES DE COURA,160520,RUBIAES
PAREDES DE COURA,160521,VASCOES
PAREDES DE COURA,160522,BICO
PAREDES DE COURA,160523,COSSOURADO
PAREDES DE COURA,160524,FORMARIZ
PAREDES DE COURA,160525,INSALDE
PAREDES DE COURA,160526,PAREDES DE COURA
PEDROGAO GRANDE,101301,GRACA
PEDROGAO GRANDE,101302,PEDROGAO GRANDE
PEDROGAO GRANDE,101303,VILA FACAIA
PENACOVA,61301,CARVALHO
PENACOVA,61302,FIGUEIRA DE LORVAO
PENACOVA,61304,LORVAO
PENACOVA,61307,PENACOVA
PENACOVA,61310,SAZES DO LORVAO
PENACOVA,61312,FRIUMES
PENACOVA,61313,OLIVEIRA DO MONDEGO
PENACOVA,61314,SAO PEDRO DE ALVA
PENAFIEL,131101,ABRAGAO
PENAFIEL,131102,BOELHE
PENAFIEL,131103,BUSTELO
PENAFIEL,131104,CABECA SANTA
PENAFIEL,131105,CANELAS
PENAFIEL,131106,CAPELA
PENAFIEL,131107,CASTELOES
PENAFIEL,131108,CROCA
PENAFIEL,131109,DUAS IGREJAS
PENAFIEL,131110,EJA
PENAFIEL,131112,FONTE ARCADA
PENAFIEL,131113,GALEGOS
PENAFIEL,131115,IRIVO
PENAFIEL,131121,OLDROES
PENAFIEL,131122,PACO DE SOUSA
PENAFIEL,131125,PEROZELO
PENAFIEL,131128,RANS
PENAFIEL,131129,RIO DE MOINHOS
PENAFIEL,131132,RECEZINHOS
PENAFIEL,131134,SEBOLIDO
PENAFIEL,131136,VALPEDRE
PENAFIEL,131138,RIO MAU
PENAFIEL,131139,PENAFIEL
PENAFIEL,131140,LUZIM
PENAFIEL,131141,GUILHUFE
PENAFIEL,131142,LAGARES
PENAFIEL,131143,TERMAS DE SAO VICENTE
PENALVA DO CASTELO,181102,CASTELO DE PENALVA
PENALVA DO CASTELO,181103,ESMOLFE
PENALVA DO CASTELO,181104,GERMIL
PENALVA DO CASTELO,181105,INSUA
PENALVA DO CASTELO,181106,LUSINDE
PENALVA DO CASTELO,181109,PINDO
PENALVA DO CASTELO,181110,REAL
PENALVA DO CASTELO,181111,SEZURES
PENALVA DO CASTELO,181112,TRANCOZELOS
PENALVA DO CASTELO,181114,ANTAS
PENALVA DO CASTELO,181115,VILA COVA DO COVELO/MARECO
PENAMACOR,50704,ARANHAS
PENAMACOR,50706,BENQUERENCA
PENAMACOR,50707,MEIMAO
PENAMACOR,50708,MEIMOA
PENAMACOR,50710,PENAMACOR
PENAMACOR,50711,SALVADOR
PENAMACOR,50712,VALE DA SENHORA DA POVOA
PENAMACOR,50713,ALDEIA DO BISPO
PENAMACOR,50714,PEDROGAO DE SAO PEDRO
PENEDONO,181202,BESELGA
PENEDONO,181203,CASTAINCO
PENEDONO,181207,PENELA DA BEIRA
PENEDONO,181208,POVOA DE PENELA
PENEDONO,181209,SOUTO
PENEDONO,181210,ANTAS
PENEDONO,181211,PENEDONO
PENELA,61401,CUMEEIRA
PENELA,61402,ESPINHAL
PENELA,61403,PODENTES
PENELA,61407,SAO MIGUEL
PENICHE,101402,ATOUGUIA DA BALEIA
PENICHE,101405,SERRA D'EL-REI
PENICHE,101406,FERREL
PENICHE,101407,PENICHE
PESO DA REGUA,170802,FONTELAS
PESO DA REGUA,170805,LOUREIRO
PESO DA REGUA,170809,SEDIELOS
PESO DA REGUA,170810,VILARINHO DOS FREIRES
PESO DA REGUA,170813,GALAFURA
PESO DA REGUA,170814,MOURA MORTA
PESO DA REGUA,170815,PESO DA REGUA
PESO DA REGUA,170816,POIARES
PINHEL,91009,ERVEDOSA
PINHEL,91010,FREIXEDAS
PINHEL,91012,LAMEGAL
PINHEL,91013,LAMEIRAS
PINHEL,91014,MANIGOTO
PINHEL,91015,PALA
PINHEL,91017,PINHEL
PINHEL,91018,PINZIO
PINHEL,91024,SOURO PIRES
PINHEL,91027,VASCOVEIRO
PINHEL,91028,AGREGACAO DAS FREGUESIAS SUL DE PINHEL
PINHEL,91029,ALVERCA DA BEIRA/BOUCA COVA
PINHEL,91030,TERRAS DE MASSUEIME
PINHEL,91031,VALBOM/BOGALHAL
PINHEL,91032,ALTO DO PALURDO
PINHEL,91033,VALE DO COA
PINHEL,91034,VALE DO MASSUEIME
PINHEL,91035,ATALAIA
POMBAL,101501,ABIUL
POMBAL,101503,ALMAGREIRA
POMBAL,101504,CARNIDE
POMBAL,101505,CARRICO
POMBAL,101506,LOURICAL
POMBAL,101508,PELARIGA
POMBAL,101509,POMBAL
POMBAL,101510,REDINHA
POMBAL,101513,VERMOIL
POMBAL,101514,VILA CA
POMBAL,101515,MEIRINHAS
POMBAL,101518,GUIA
POMBAL,101519,SANTIAGO
PONTA DELGADA,420301,ARRIFES
PONTA DELGADA,420303,CANDELARIA
PONTA DELGADA,420304,CAPELAS
PONTA DELGADA,420305,COVOADA
PONTA DELGADA,420306,FAJA DE BAIXO
PONTA DELGADA,420307,FAJA DE CIMA
PONTA DELGADA,420308,FENAIS DA LUZ
PONTA DELGADA,420309,FETEIRAS
PONTA DELGADA,420310,GINETES
PONTA DELGADA,420311,MOSTEIROS
PONTA DELGADA,420312,PONTA DELGADA
PONTA DELGADA,420315,RELVA
PONTA DELGADA,420316,REMEDIOS
PONTA DELGADA,420317,ROSTO DO CAO
PONTA DELGADA,420319,SANTA BARBARA
PONTA DELGADA,420320,SANTO ANTONIO
PONTA DELGADA,420321,SAO VICENTE FERREIRA
PONTA DELGADA,420322,SETE CIDADES
PONTA DELGADA,420323,AJUDA DA BRETANHA
PONTA DELGADA,420324,PILAR DA BRETANHA
PONTA DELGADA,420325,SANTA CLARA
PONTA DO SOL,310501,CANHAS
PONTA DO SOL,310502,MADALENA DO MAR
PONTA DO SOL,310503,PONTA DO SOL
PONTE DA BARCA,160601,AZIAS
PONTE DA BARCA,160602,BOIVAES
PONTE DA BARCA,160603,BRAVAES
PONTE DA BARCA,160604,BRITELO
PONTE DA BARCA,160606,CUIDE DE VILA VERDE
PONTE DA BARCA,160611,LAVRADAS
PONTE DA BARCA,160612,LINDOSO
PONTE DA BARCA,160613,NOGUEIRA
PONTE DA BARCA,160614,OLEIROS
PONTE DA BARCA,160619,SAMPRIZ
PONTE DA BARCA,160623,VADE
PONTE DA BARCA,160626,CRASTO
PONTE DA BARCA,160627,ENTRE AMBOS-OS-RIOS
PONTE DA BARCA,160628,PONTE DA BARCA
PONTE DA BARCA,160629,TOUVEDO
PONTE DA BARCA,160630,VILA CHA
PONTE DE LIMA,160701,ANAIS
PONTE DE LIMA,160703,SAO PEDRO D'ARCOS
PONTE DE LIMA,160704,ARCOZELO
PONTE DE LIMA,160707,BEIRAL DO LIMA
PONTE DE LIMA,160708,BERTIANDOS
PONTE DE LIMA,160709,BOALHOSA
PONTE DE LIMA,160710,BRANDARA
PONTE DE LIMA,160713,CALHEIROS
PONTE DE LIMA,160714,CALVELO
PONTE DE LIMA,160716,CORRELHA
PONTE DE LIMA,160717,ESTORAOS
PONTE DE LIMA,160718,FACHA
PONTE DE LIMA,160719,FEITOSA
PONTE DE LIMA,160721,FONTAO
PONTE DE LIMA,160724,FRIASTELAS
PONTE DE LIMA,160726,GANDRA
PONTE DE LIMA,160727,GEMIEIRA
PONTE DE LIMA,160728,GONDUFE
PONTE DE LIMA,160729,LABRUJA
PONTE DE LIMA,160734,POIARES
PONTE DE LIMA,160737,REFOIOS DO LIMA
PONTE DE LIMA,160739,RIBEIRA
PONTE DE LIMA,160740,SA
PONTE DE LIMA,160742,SANTA COMBA
PONTE DE LIMA,160743,SANTA CRUZ DO LIMA
PONTE DE LIMA,160744,REBORDOES
PONTE DE LIMA,160745,SEARA
PONTE DE LIMA,160746,SERDEDELO
PONTE DE LIMA,160750,VITORINO DAS DONAS
PONTE DE LIMA,160752,ARCA
PONTE DE LIMA,160753,ARDEGAO
PONTE DE LIMA,160754,ASSOCIACAO DE FREGUESIAS DO VALE DO NEIVA
PONTE DE LIMA,160755,BARRIO
PONTE DE LIMA,160756,CABACOS
PONTE DE LIMA,160757,CABRACAO
PONTE DE LIMA,160758,FORNELOS
PONTE DE LIMA,160759,LABRUJO
PONTE DE LIMA,160760,NAVIO
PONTE DE SOR,121301,GALVEIAS
PONTE DE SOR,121302,MONTARGIL
PONTE DE SOR,121304,FOROS DE ARRAO
PONTE DE SOR,121305,LONGOMEL
PONTE DE SOR,121308,PONTE DE SOR
PORTALEGRE,121401,ALAGOA
PORTALEGRE,121402,ALEGRETE
PORTALEGRE,121404,FORTIOS
PORTALEGRE,121410,URRA
PORTALEGRE,121411,SE
PORTALEGRE,121412,REGUENGO
PORTALEGRE,121413,RIBEIRA DE NISA
PORTEL,70903,MONTE DO TRIGO
PORTEL,70905,PORTEL
PORTEL,70906,SANTANA
PORTEL,70908,VERA CRUZ
PORTEL,70909,AMIEIRA
PORTEL,70910,SAO BARTOLOMEU DO OUTEIRO
PORTIMAO,81101,ALVOR
PORTIMAO,81102,MEXILHOEIRA GRANDE
PORTIMAO,81103,PORTIMAO
PORTO,131202,BONFIM
PORTO,131203,CAMPANHA
PORTO,131210,PARANHOS
PORTO,131211,RAMALDE
PORTO,131216,ALDOAR
PORTO,131217,CEDOFEITA
PORTO,131218,LORDELO DO OURO
PORTO DE MOS,101602,ALQUEIDAO DA SERRA
PORTO DE MOS,101605,CALVARIA DE CIMA
PORTO DE MOS,101606,JUNCAL
PORTO DE MOS,101608,MIRA DE AIRE
PORTO DE MOS,101609,PEDREIRAS
PORTO DE MOS,101610,SAO BENTO
PORTO DE MOS,101613,SERRO VENTOSO
PORTO DE MOS,101614,PORTO DE MOS - SAO JOAO BAPTISTA
PORTO DE MOS,101615,ALVADOS
PORTO DE MOS,101616,ARRIMAL
PORTO MONIZ,310601,ACHADAS DA CRUZ
PORTO MONIZ,310602,PORTO MONIZ
PORTO MONIZ,310603,RIBEIRA DA JANELA
PORTO MONIZ,310604,SEIXAL
PORTO SANTO,320101,PORTO SANTO
POVOA DE LANHOSO,30906,COVELAS
POVOA DE LANHOSO,30908,FERREIROS
POVOA DE LANHOSO,30912,GALEGOS
POVOA DE LANHOSO,30913,GARFE
POVOA DE LANHOSO,30914,GERAZ DO MINHO
POVOA DE LANHOSO,30915,LANHOSO
POVOA DE LANHOSO,30917,MONSUL
POVOA DE LANHOSO,30919,POVOA DE LANHOSO
POVOA DE LANHOSO,30921,RENDUFINHO
POVOA DE LANHOSO,30922,SANTO EMILIAO
POVOA DE LANHOSO,30923,SAO JOAO DE REI
POVOA DE LANHOSO,30924,SERZEDELO
POVOA DE LANHOSO,30925,SOBRADELO DA GOMA
POVOA DE LANHOSO,30926,TAIDE
POVOA DE LANHOSO,30927,TRAVASSOS
POVOA DE LANHOSO,30929,VILELA
POVOA DE LANHOSO,30930,AGUAS SANTAS
POVOA DE LANHOSO,30931,CALVOS
POVOA DE LANHOSO,30932,CAMPOS
POVOA DE LANHOSO,30933,ESPERANCA
POVOA DE LANHOSO,30934,FONTE ARCADA
POVOA DE LANHOSO,30935,VERIM
POVOA DE VARZIM,131305,BALAZAR
POVOA DE VARZIM,131307,ESTELA
POVOA DE VARZIM,131308,LAUNDOS
POVOA DE VARZIM,131311,RATES
POVOA DE VARZIM,131313,AVER-O-MAR
POVOA DE VARZIM,131314,AGUCADOURA
POVOA DE VARZIM,131315,POVOA DE VARZIM
POVOACAO,420401,AGUA RETORTA
POVOACAO,420402,FAIAL DA TERRA
POVOACAO,420403,FURNAS
POVOACAO,420404,NOSSA SENHORA DOS REMEDIOS
POVOACAO,420405,POVOACAO
POVOACAO,420406,RIBEIRA QUENTE
PROENCA-A-NOVA,50802,MONTES DA SENHORA
PROENCA-A-NOVA,50805,SAO PEDRO DO ESTEVAL
PROENCA-A-NOVA,50807,PROENCA-A-NOVA
PROENCA-A-NOVA,50808,SOBREIRA FORMOSA
REDONDO,71001,MONTOITO
REDONDO,71002,REDONDO
REGUENGOS DE MONSARAZ,71102,CORVAL
REGUENGOS DE MONSARAZ,71103,MONSARAZ
REGUENGOS DE MONSARAZ,71104,REGUENGOS DE MONSARAZ
REGUENGOS DE MONSARAZ,71106,CAMPO
RESENDE,181302,BARRO
RESENDE,181303,CARQUERE
RESENDE,181310,PAUS
RESENDE,181311,RESENDE
RESENDE,181312,SAO CIPRIANO
RESENDE,181313,SAO JOAO DE FONTOURA
RESENDE,181314,SAO MARTINHO DE MOUROS
RESENDE,181316,ANREADE
RESENDE,181317,FELGUEIRAS
RESENDE,181318,FREIGIL
RESENDE,181319,OVADAS
RIBEIRA BRAVA,310701,CAMPANARIO
RIBEIRA BRAVA,310702,RIBEIRA BRAVA
RIBEIRA BRAVA,310703,SERRA DE AGUA
RIBEIRA BRAVA,310704,TABUA
RIBEIRA DE PENA,170901,ALVADIA
RIBEIRA DE PENA,170902,CANEDO
RIBEIRA DE PENA,170906,SANTA MARINHA
RIBEIRA DE PENA,170908,CERVA
RIBEIRA DE PENA,170909,RIBEIRA DE PENA
RIBEIRA GRANDE,420501,CALHETAS
RIBEIRA GRANDE,420502,FENAIS DA AJUDA
RIBEIRA GRANDE,420503,LOMBA DA MAIA
RIBEIRA GRANDE,420504,LOMBA DE SAO PEDRO
RIBEIRA GRANDE,420505,MAIA
RIBEIRA GRANDE,420506,PICO DA PEDRA
RIBEIRA GRANDE,420507,PORTO FORMOSO
RIBEIRA GRANDE,420508,RABO DE PEIXE
RIBEIRA GRANDE,420509,RIBEIRA GRANDE
RIBEIRA GRANDE,420511,RIBEIRA SECA
RIBEIRA GRANDE,420512,RIBEIRINHA
RIBEIRA GRANDE,420513,SANTA BARBARA
RIBEIRA GRANDE,420514,SAO BRAS
RIO MAIOR,141401,ALCOBERTAS
RIO MAIOR,141402,ARROUQUELAS
RIO MAIOR,141405,FRAGUAS
RIO MAIOR,141408,RIO MAIOR
RIO MAIOR,141410,ASSEICEIRA
RIO MAIOR,141411,SAO SEBASTIAO
RIO MAIOR,141415,AZAMBUJEIRA
RIO MAIOR,141416,MARMELEIRA
RIO MAIOR,141417,OUTEIRO DA CORTICADA
RIO MAIOR,141418,SAO JOAO DA RIBEIRA
SABROSA,171001,CELEIROS
SABROSA,171002,COVAS DO DOURO
SABROSA,171004,GOUVINHAS
SABROSA,171005,PARADA DE PINHAO
SABROSA,171007,PACOS
SABROSA,171009,SABROSA
SABROSA,171011,SAO LOURENCO DE RIBAPINHAO
SABROSA,171013,SOUTO MAIOR
SABROSA,171014,TORRE DO PINHAO
SABROSA,171015,VILARINHO DE SAO ROMAO
SABROSA,171016,PROVESENDE
SABROSA,171017,SAO MARTINHO DE ANTAS
SABUGAL,91101,AGUAS BELAS
SABUGAL,91102,ALDEIA DO BISPO
SABUGAL,91103,ALDEIA DA PONTE
SABUGAL,91106,ALDEIA VELHA
SABUGAL,91107,ALFAIATES
SABUGAL,91109,BARACAL
SABUGAL,91110,BENDADA
SABUGAL,91111,BISMULA
SABUGAL,91112,CASTELEIRO
SABUGAL,91113,CERDEIRA
SABUGAL,91114,FOIOS
SABUGAL,91118,MALCATA
SABUGAL,91120,NAVE
SABUGAL,91123,QUADRAZAIS
SABUGAL,91124,QUINTAS DE SAO BARTOLOMEU
SABUGAL,91125,RAPOULA DO COA
SABUGAL,91126,REBOLOSA
SABUGAL,91127,RENDO
SABUGAL,91133,SORTELHA
SABUGAL,91134,SOUTO
SABUGAL,91136,VALE DE ESPINHO
SABUGAL,91138,VILA BOA
SABUGAL,91139,VILA DO TOURO
SABUGAL,91141,ALDEIA DA RIBEIRA
SABUGAL,91142,LAJEOSA
SABUGAL,91143,POUSAFOLES DO BISPO
SABUGAL,91144,RUVINA
SABUGAL,91145,SABUGAL
SABUGAL,91146,SANTO ESTEVAO
SABUGAL,91147,SEIXO DO COA
SALVATERRA DE MAGOS,141502,MARINHAIS
SALVATERRA DE MAGOS,141503,MUGE
SALVATERRA DE MAGOS,141507,GLORIA DO RIBATEJO
SALVATERRA DE MAGOS,141508,SALVATERRA DE MAGOS
SANTA COMBA DAO,181403,PINHEIRO DE AZERE
SANTA COMBA DAO,181405,SAO JOANINHO
SANTA COMBA DAO,181406,SAO JOAO DE AREIAS
SANTA COMBA DAO,181410,OVOA
SANTA COMBA DAO,181411,SANTA COMBA DAO
SANTA COMBA DAO,181412,TREIXEDO
SANTA CRUZ,310802,CAMACHA
SANTA CRUZ,310803,CANICO
SANTA CRUZ,310804,GAULA
SANTA CRUZ,310805,SANTA CRUZ
SANTA CRUZ,310806,SANTO ANTONIO DA SERRA
SANTA CRUZ DA GRACIOSA,440101,GUADALUPE
SANTA CRUZ DA GRACIOSA,440102,LUZ
SANTA CRUZ DA GRACIOSA,440103,SAO MATEUS
SANTA CRUZ DA GRACIOSA,440104,SANTA CRUZ DA GRACIOSA
SANTA CRUZ DAS FLORES,480201,CAVEIRA
SANTA CRUZ DAS FLORES,480202,CEDROS
SANTA CRUZ DAS FLORES,480203,PONTA DELGADA
SANTA CRUZ DAS FLORES,480204,SANTA CRUZ DAS FLORES
SANTA MARIA DA FEIRA,10901,ARGONCILHE
SANTA MARIA DA FEIRA,10902,ARRIFANA
SANTA MARIA DA FEIRA,10904,ESCAPAES
SANTA MARIA DA FEIRA,10907,FIAES
SANTA MARIA DA FEIRA,10908,FORNOS
SANTA MARIA DA FEIRA,10913,LOUROSA
SANTA MARIA DA FEIRA,10914,MILHEIROS DE POIARES
SANTA MARIA DA FEIRA,10916,MOZELOS
SANTA MARIA DA FEIRA,10917,NOGUEIRA DA REGEDOURA
SANTA MARIA DA FEIRA,10918,SAO PAIO DE OLEIROS
SANTA MARIA DA FEIRA,10919,PACOS DE BRANDAO
SANTA MARIA DA FEIRA,10921,RIO MEAO
SANTA MARIA DA FEIRA,10922,ROMARIZ
SANTA MARIA DA FEIRA,10924,SANGUEDO
SANTA MARIA DA FEIRA,10925,SANTA MARIA DE LAMAS
SANTA MARIA DA FEIRA,10926,SAO JOAO DE VER
SANTA MARIA DA FEIRA,10932,CALDAS DE SAO JORGE
SANTA MARIA DA FEIRA,10933,CANEDO
SANTA MARIA DA FEIRA,10934,LOBAO
SANTA MARIA DA FEIRA,10935,SANTA MARIA DA FEIRA
SANTA MARIA DA FEIRA,10936,SAO MIGUEL DO SOUTO
SANTA MARTA DE PENAGUIAO,171101,ALVACOES DO CORGO
SANTA MARTA DE PENAGUIAO,171102,CUMIEIRA
SANTA MARTA DE PENAGUIAO,171103,FONTES
SANTA MARTA DE PENAGUIAO,171106,MEDROES
SANTA MARTA DE PENAGUIAO,171110,SEVER
SANTA MARTA DE PENAGUIAO,171111,LOBRIGOS
SANTA MARTA DE PENAGUIAO,171112,LOUREDO
SANTANA,310901,ARCO DE SAO JORGE
SANTANA,310902,FAIAL
SANTANA,310903,SANTANA
SANTANA,310904,SAO JORGE
SANTANA,310905,SAO ROQUE DO FAIAL
SANTANA,310906,ILHA
SANTAREM,141601,ABITUREIRAS
SANTAREM,141602,ABRA
SANTAREM,141604,ALCANEDE
SANTAREM,141605,ALCANHOES
SANTAREM,141606,ALMOSTER
SANTAREM,141607,AMIAIS DE BAIXO
SANTAREM,141608,ARNEIRO DAS MILHARICAS
SANTAREM,141613,MOCARRIA
SANTAREM,141614,PERNES
SANTAREM,141616,POVOA DA ISENTA
SANTAREM,141625,VALE DE SANTAREM
SANTAREM,141628,GANCARIA
SANTAREM,141629,ACHETE
SANTAREM,141630,AZOIA DE CIMA
SANTAREM,141631,CASEVEL
SANTAREM,141632,ROMEIRA
SANTAREM,141633,SANTAREM
SANTAREM,141634,SAO VICENTE DO PAUL
SANTIAGO DO CACEM,150901,ABELA
SANTIAGO DO CACEM,150902,ALVALADE
SANTIAGO DO CACEM,150903,CERCAL
SANTIAGO DO CACEM,150904,ERMIDAS-SADO
SANTIAGO DO CACEM,150907,SANTO ANDRE
SANTIAGO DO CACEM,150910,SAO FRANCISCO DA SERRA
SANTIAGO DO CACEM,150912,SANTIAGO DO CACEM
SANTIAGO DO CACEM,150913,SAO DOMINGOS
SANTO TIRSO,131401,AGRELA
SANTO TIRSO,131402,AGUA LONGA
SANTO TIRSO,131405,AVES
SANTO TIRSO,131413,MONTE CORDOVA
SANTO TIRSO,131416,REBORDOES
SANTO TIRSO,131418,REGUENGA
SANTO TIRSO,131419,RORIZ
SANTO TIRSO,131430,NEGRELOS
SANTO TIRSO,131432,VILARINHO
SANTO TIRSO,131433,AREIAS
SANTO TIRSO,131434,CAMPO
SANTO TIRSO,131435,CARREIRA
SANTO TIRSO,131436,LAMELAS
SANTO TIRSO,131437,SANTO TIRSO
SAO BRAS DE ALPORTEL,81201,SAO BRAS DE ALPORTEL
SAO JOAO DA MADEIRA,11601,SAO JOAO DA MADEIRA
SAO JOAO DA PESQUEIRA,181501,CASTANHEIRO DO SUL
SAO JOAO DA PESQUEIRA,181502,ERVEDOSA DO DOURO
SAO JOAO DA PESQUEIRA,181504,NAGOZELO DO DOURO
SAO JOAO DA PESQUEIRA,181505,PAREDES DA BEIRA
SAO JOAO DA PESQUEIRA,181507,RIODADES
SAO JOAO DA PESQUEIRA,181509,SOUTELO DO DOURO
SAO JOAO DA PESQUEIRA,181511,VALE DE FIGUEIRA
SAO JOAO DA PESQUEIRA,181512,VALONGO DOS AZEITES
SAO JOAO DA PESQUEIRA,181515,SAO JOAO DA PESQUEIRA
SAO JOAO DA PESQUEIRA,181516,TREVOES
SAO JOAO DA PESQUEIRA,181517,VILAROUCO
SAO PEDRO DO SUL,181602,BORDONHOS
SAO PEDRO DO SUL,181606,FIGUEIREDO DE ALVA
SAO PEDRO DO SUL,181607,MANHOUCE
SAO PEDRO DO SUL,181608,PINDELO DOS MILAGRES
SAO PEDRO DO SUL,181609,PINHO
SAO PEDRO DO SUL,181612,SAO FELIX
SAO PEDRO DO SUL,181615,SERRAZES
SAO PEDRO DO SUL,181616,SUL
SAO PEDRO DO SUL,181617,VALADARES
SAO PEDRO DO SUL,181619,VILA MAIOR
SAO PEDRO DO SUL,181620,CARVALHAIS
SAO PEDRO DO SUL,181621,SANTA CRUZ DA TRAPA
SAO PEDRO DO SUL,181622,SAO MARTINHO DAS MOITAS
SAO PEDRO DO SUL,181623,SAO PEDRO DO SUL
SAO ROQUE DO PICO,460301,PRAINHA
SAO ROQUE DO PICO,460302,SANTA LUZIA
SAO ROQUE DO PICO,460303,SANTO AMARO
SAO ROQUE DO PICO,460304,SANTO ANTONIO
SAO ROQUE DO PICO,460305,SAO ROQUE DO PICO
SAO VICENTE,311001,BOA VENTURA
SAO VICENTE,311002,PONTA DELGADA
SAO VICENTE,311003,SAO VICENTE
SARDOAL,141701,ALCARAVELA
SARDOAL,141702,SANTIAGO DE MONTALEGRE
SARDOAL,141703,SARDOAL
SARDOAL,141704,VALHASCOS
SATAO,181702,AVELAL
SATAO,181704,FERREIRA DE AVES
SATAO,181706,MIOMA
SATAO,181707,RIO DE MOINHOS
SATAO,181709,SAO MIGUEL DE VILA BOA
SATAO,181710,SATAO
SATAO,181711,SILVA DE CIMA
SATAO,181713,AGUAS BOAS
SATAO,181714,ROMAS
SEIA,91201,ALVOCO DA SERRA
SEIA,91205,GIRABOLHOS
SEIA,91207,LORIGA
SEIA,91208,PARANHOS
SEIA,91209,PINHANCOS
SEIA,91210,SABUGUEIRO
SEIA,91212,SANDOMIL
SEIA,91213,SANTA COMBA
SEIA,91216,SANTIAGO
SEIA,91219,SAZES DA BEIRA
SEIA,91221,TEIXEIRA
SEIA,91224,TRAVANCINHA
SEIA,91225,VALEZIM
SEIA,91228,VILA COVA A COELHEIRA
SEIA,91230,CARRAGOZELA
SEIA,91231,SAMEICE
SEIA,91232,SANTA MARINHA
SEIA,91233,SEIA
SEIA,91234,TORROZELO
SEIA,91235,TOURAIS
SEIA,91236,VIDE
SEIXAL,151002,AMORA
SEIXAL,151005,CORROIOS
SEIXAL,151006,FERNAO FERRO
SEIXAL,151007,SEIXAL
SERNANCELHE,181801,ARNAS
SERNANCELHE,181802,CARREGAL
SERNANCELHE,181803,CHOSENDO
SERNANCELHE,181804,CUNHA
SERNANCELHE,181806,FAIA
SERNANCELHE,181810,GRANJAL
SERNANCELHE,181811,LAMOSA
SERNANCELHE,181814,QUINTELA
SERNANCELHE,181817,VILA DA PONTE
SERNANCELHE,181818,FERREIRIM
SERNANCELHE,181819,FONTE ARCADA
SERNANCELHE,181820,PENSO
SERNANCELHE,181821,SERNANCELHE
SERPA,21302,BRINCHES
SERPA,21303,PIAS
SERPA,21307,VILA VERDE DE FICALHO
SERPA,21308,SERPA
SERPA,21309,VILA NOVA DE SAO BENTO
SERTA,50901,CABECUDO
SERTA,50902,CARVALHAL
SERTA,50903,CASTELO
SERTA,50911,PEDROGAO PEQUENO
SERTA,50912,SERTA
SERTA,50913,TROVISCAL
SERTA,50914,VARZEA DOS CAVALEIROS
SERTA,50915,CERNACHE DO BONJARDIM
SERTA,50916,CUMEADA
SERTA,50917,ERMIDA
SESIMBRA,151101,SESIMBRA
SESIMBRA,151103,QUINTA DO CONDE
SETUBAL,151205,SETUBAL
SETUBAL,151207,GAMBIA-PONTES-ALTO DA GUERRA
SETUBAL,151208,SADO
SETUBAL,151209,AZEITAO
SEVER DO VOUGA,11702,COUTO DE ESTEVES
SEVER DO VOUGA,11704,PESSEGUEIRO DO VOUGA
SEVER DO VOUGA,11705,ROCAS DO VOUGA
SEVER DO VOUGA,11706,SEVER DO VOUGA
SEVER DO VOUGA,11708,TALHADAS
SEVER DO VOUGA,11710,CEDRIM
SEVER DO VOUGA,11711,SILVA ESCURA
SILVES,81303,ARMACAO DE PERA
SILVES,81305,SAO BARTOLOMEU DE MESSINES
SILVES,81306,SAO MARCOS DA SERRA
SILVES,81307,SILVES
SILVES,81309,ALCANTARILHA
SILVES,81310,ALGOZ
SINES,151301,SINES
SINES,151302,PORTO COVO
SINTRA,111102,ALGUEIRAO-MEM MARTINS
SINTRA,111105,COLARES
SINTRA,111108,RIO DE MOURO
SINTRA,111115,CASAL DE CAMBRA
SINTRA,111122,AGUALVA
SINTRA,111123,ALMARGEM DO BISPO
SINTRA,111124,CACEM
SINTRA,111125,MASSAMA
SINTRA,111126,QUELUZ
SINTRA,111127,SAO JOAO DAS LAMPAS
SINTRA,111128,SINTRA
SOBRAL DE MONTE AGRACO,111201,SANTO QUINTINO
SOBRAL DE MONTE AGRACO,111202,SAPATARIA
SOBRAL DE MONTE AGRACO,111203,SOBRAL DE MONTE AGRACO
SOURE,61501,ALFARELOS
SOURE,61504,FIGUEIRO DO CAMPO
SOURE,61506,GRANJA DO ULMEIRO
SOURE,61508,SAMUEL
SOURE,61509,SOURE
SOURE,61510,TAPEUS
SOURE,61511,VILA NOVA DE ANCOS
SOURE,61512,VINHA DA RAINHA
SOURE,61513,DEGRACIAS
SOURE,61514,GESTEIRA
SOUSEL,121501,CANO
SOUSEL,121502,CASA BRANCA
SOUSEL,121503,SANTO AMARO
SOUSEL,121504,SOUSEL
TABUA,61602,CANDOSA
TABUA,61603,CARAPINHA
TABUA,61608,MIDOES
TABUA,61609,MOURONHO
TABUA,61611,POVOA DE MIDOES
TABUA,61612,SAO JOAO DA BOA VISTA
TABUA,61614,TABUA
TABUA,61616,AZERE
TABUA,61617,COVAS
TABUA,61618,ESPARIZ
TABUA,61619,PINHEIRO DE COJA
TABUACO,181901,ADORIGO
TABUACO,181902,ARCOS
TABUACO,181904,CHAVAES
TABUACO,181905,DESEJOSA
TABUACO,181906,GRANJA DO TEDO
TABUACO,181908,LONGA
TABUACO,181913,SENDIM
TABUACO,181914,TABUACO
TABUACO,181917,VALENCA DO DOURO
TABUACO,181918,BARCOS
TABUACO,181919,PARADELA
TABUACO,181920,PINHEIROS
TABUACO,181921,TAVORA
TAROUCA,182004,MONDIM DA BEIRA
TAROUCA,182005,SALZEDAS
TAROUCA,182006,SAO JOAO DE TAROUCA
TAROUCA,182009,VARZEA DA SERRA
TAROUCA,182011,GOUVIAES
TAROUCA,182012,GRANJA NOVA
TAROUCA,182013,TAROUCA
TAVIRA,81401,CACHOPO
TAVIRA,81404,SANTA CATARINA DA FONTE DO BISPO
TAVIRA,81408,SANTA LUZIA
TAVIRA,81410,CONCEICAO
TAVIRA,81411,LUZ DE TAVIRA
TAVIRA,81412,TAVIRA
TERRAS DE BOURO,31001,BALANCA
TERRAS DE BOURO,31003,CAMPO DO GERES
TERRAS DE BOURO,31004,CARVALHEIRA
TERRAS DE BOURO,31008,COVIDE
TERRAS DE BOURO,31009,GONDORIZ
TERRAS DE BOURO,31010,MOIMENTA
TERRAS DE BOURO,31012,RIBEIRA
TERRAS DE BOURO,31013,RIO CALDO
TERRAS DE BOURO,31014,SOUTO
TERRAS DE BOURO,31015,VALDOSENDE
TERRAS DE BOURO,31017,VILAR DA VEIGA
TERRAS DE BOURO,31018,CHAMOIM
TERRAS DE BOURO,31019,CHORENSE
TERRAS DE BOURO,31020,CIBOES
TOMAR,141802,ASSEICEIRA
TOMAR,141804,CARREGUEIROS
TOMAR,141808,OLALHAS
TOMAR,141809,PAIALVO
TOMAR,141813,SAO PEDRO DE TOMAR
TOMAR,141814,SABACHEIRA
TOMAR,141817,ALEM DA RIBEIRA
TOMAR,141818,CASAIS
TOMAR,141819,MADALENA
TOMAR,141820,SERRA
TOMAR,141821,TOMAR
TONDELA,182102,CAMPO DE BESTEIROS
TONDELA,182103,CANAS DE SANTA MARIA
TONDELA,182105,CASTELOES
TONDELA,182106,DARDAVAZ
TONDELA,182107,FERREIROS DO DAO
TONDELA,182108,GUARDAO
TONDELA,182109,LAJEOSA DO DAO
TONDELA,182110,LOBAO DA BEIRA
TONDELA,182111,MOLELOS
TONDELA,182116,PARADA DE GONTA
TONDELA,182118,SANTIAGO DE BESTEIROS
TONDELA,182122,TONDA
TONDELA,182127,BARREIRO DE BESTEIROS
TONDELA,182128,CAPARROSA
TONDELA,182129,MOURAZ
TONDELA,182130,SAO JOAO DO MONTE
TONDELA,182131,SAO MIGUEL DO OUTEIRO
TONDELA,182132,TONDELA
TONDELA,182133,VILAR DE BESTEIROS
TORRE DE MONCORVO,40901,ACOREIRA
TORRE DE MONCORVO,40903,CABECA BOA
TORRE DE MONCORVO,40905,CARVICAIS
TORRE DE MONCORVO,40906,CASTEDO
TORRE DE MONCORVO,40909,HORTA DA VILARICA
TORRE DE MONCORVO,40910,LARINHO
TORRE DE MONCORVO,40911,LOUSA
TORRE DE MONCORVO,40913,MOS
TORRE DE MONCORVO,40916,TORRE DE MONCORVO
TORRE DE MONCORVO,40918,ADEGANHA
TORRE DE MONCORVO,40919,FELGAR
TORRE DE MONCORVO,40920,FELGUEIRAS
TORRE DE MONCORVO,40921,URROS
TORRES NOVAS,141902,ASSENTIZ
TORRES NOVAS,141904,CHANCELARIA
TORRES NOVAS,141909,PEDROGAO
TORRES NOVAS,141910,RIACHOS
TORRES NOVAS,141916,ZIBREIRA
TORRES NOVAS,141917,MEIA VIA
TORRES NOVAS,141918,BROGUEIRA
TORRES NOVAS,141919,OLAIA
TORRES NOVAS,141920,TORRES NOVAS
TORRES VEDRAS,111306,FREIRIA
TORRES VEDRAS,111310,PONTE DO ROL
TORRES VEDRAS,111311,RAMALHAL
TORRES VEDRAS,111314,SAO PEDRO DA CADEIRA
TORRES VEDRAS,111316,SILVEIRA
TORRES VEDRAS,111317,TURCIFAL
TORRES VEDRAS,111318,VENTOSA
TORRES VEDRAS,111321,A DOS CUNHADOS
TORRES VEDRAS,111322,CAMPELOS
TORRES VEDRAS,111323,CARVOEIRA
TORRES VEDRAS,111324,DOIS PORTOS
TORRES VEDRAS,111325,MAXIAL
TORRES VEDRAS,111326,TORRES VEDRAS
TRANCOSO,91301,ALDEIA NOVA
TRANCOSO,91303,CASTANHEIRA
TRANCOSO,91304,COGULA
TRANCOSO,91305,COTIMOS
TRANCOSO,91307,FIAES
TRANCOSO,91309,GRANJA
TRANCOSO,91310,GUILHEIRO
TRANCOSO,91311,MOIMENTINHA
TRANCOSO,91312,MOREIRA DE REI
TRANCOSO,91313,PALHAIS
TRANCOSO,91314,POVOA DO CONCELHO
TRANCOSO,91315,REBOLEIRO
TRANCOSO,91316,RIO DE MEL
TRANCOSO,91321,TAMANHOS
TRANCOSO,91325,VALDUJO
TRANCOSO,91330,FRECHES
TRANCOSO,91331,TORRE DO TERRENHO
TRANCOSO,91332,TRANCOSO
TRANCOSO,91333,VALE DO SEIXO
TRANCOSO,91334,VILA FRANCA DAS NAVES
TRANCOSO,91335,VILARES
TROFA,131806,COVELAS
TROFA,131808,MURO
TROFA,131809,ALVARELHOS
TROFA,131810,BOUGADO
TROFA,131811,CORONADO
VAGOS,11801,CALVAO
VAGOS,11804,GAFANHA DA BOA HORA
VAGOS,11805,OUCA
VAGOS,11807,SOSA
VAGOS,11810,SANTO ANDRE DE VAGOS
VAGOS,11812,FONTE DE ANGEAO
VAGOS,11813,PONTE DE VAGOS
VAGOS,11814,VAGOS
VALE DE CAMBRA,11901,AROES
VALE DE CAMBRA,11902,SAO PEDRO DE CASTELOES
VALE DE CAMBRA,11903,CEPELOS
VALE DE CAMBRA,11905,JUNQUEIRA
VALE DE CAMBRA,11906,MACIEIRA DE CAMBRA
VALE DE CAMBRA,11907,ROGE
VALE DE CAMBRA,11910,VILA CHA
VALENCA,160802,BOIVAO
VALENCA,160803,CERDAL
VALENCA,160805,FONTOURA
VALENCA,160806,FRIESTAS
VALENCA,160808,GANFEI
VALENCA,160812,SAO PEDRO DA TORRE
VALENCA,160816,VERDOEJO
VALENCA,160817,GANDRA
VALENCA,160818,GONDOMIL
VALENCA,160819,SAO JULIAO
VALENCA,160820,VALENCA
VALONGO,131501,ALFENA
VALONGO,131503,ERMESINDE
VALONGO,131505,VALONGO
VALONGO,131506,CAMPO
VALPACOS,171201,AGUA REVES
VALPACOS,171203,ALGERIZ
VALPACOS,171205,BOUCOAES
VALPACOS,171206,CANAVESES
VALPACOS,171209,ERVOES
VALPACOS,171211,FORNOS DO PINHAL
VALPACOS,171212,FRIOES
VALPACOS,171215,PADRELA
VALPACOS,171216,POSSACOS
VALPACOS,171217,RIO TORTO
VALPACOS,171219,SANTA MARIA DE EMERES
VALPACOS,171220,SANTA VALHA
VALPACOS,171221,SANTIAGO DA RIBEIRA DE ALHARIZ
VALPACOS,171222,SAO JOAO DA CORVEIRA
VALPACOS,171223,SAO PEDRO DE VEIGA DE LILA
VALPACOS,171224,SERAPICOS
VALPACOS,171227,VALES
VALPACOS,171229,VASSAL
VALPACOS,171230,VEIGA DE LILA
VALPACOS,171231,VILARANDELO
VALPACOS,171232,CARRAZEDO DE MONTENEGRO
VALPACOS,171233,LEBUCAO
VALPACOS,171234,SONIM
VALPACOS,171235,TINHELA
VALPACOS,171236,VALPACOS
VELAS,450201,MANADAS
VELAS,450202,NORTE GRANDE
VELAS,450203,ROSAIS
VELAS,450204,SANTO AMARO
VELAS,450205,URZELINA
VELAS,450206,VELAS
VENDAS NOVAS,71201,VENDAS NOVAS
VENDAS NOVAS,71202,LANDEIRA
VIANA DO ALENTEJO,71301,ALCACOVAS
VIANA DO ALENTEJO,71302,VIANA DO ALENTEJO
VIANA DO ALENTEJO,71303,AGUIAR
VIANA DO CASTELO,160901,AFIFE
VIANA DO CASTELO,160902,ALVARAES
VIANA DO CASTELO,160903,AMONDE
VIANA DO CASTELO,160904,ANHA
VIANA DO CASTELO,160905,AREOSA
VIANA DO CASTELO,160908,CARRECO
VIANA DO CASTELO,160910,CASTELO DO NEIVA
VIANA DO CASTELO,160911,DARQUE
VIANA DO CASTELO,160914,FREIXIEIRO DE SOUTELO
VIANA DO CASTELO,160915,LANHESES
VIANA DO CASTELO,160920,MONTARIA
VIANA DO CASTELO,160922,MUJAES
VIANA DO CASTELO,160923,SAO ROMAO DE NEIVA
VIANA DO CASTELO,160925,OUTEIRO
VIANA DO CASTELO,160926,PERRE
VIANA DO CASTELO,160928,SANTA MARTA DE PORTUZELO
VIANA DO CASTELO,160935,VILA FRANCA
VIANA DO CASTELO,160938,VILA DE PUNHE
VIANA DO CASTELO,160940,CHAFE
VIANA DO CASTELO,160941,BARROSELAS
VIANA DO CASTELO,160942,CARDIELOS
VIANA DO CASTELO,160943,GERAZ DO LIMA
VIANA DO CASTELO,160944,MAZAREFES
VIANA DO CASTELO,160945,NOGUEIRA
VIANA DO CASTELO,160946,SUBPORTELA
VIANA DO CASTELO,160947,TORRE
VIANA DO CASTELO,160948,VIANA DO CASTELO
VIDIGUEIRA,21401,PEDROGAO
VIDIGUEIRA,21402,SELMES
VIDIGUEIRA,21403,VIDIGUEIRA
VIDIGUEIRA,21404,VILA DE FRADES
VIEIRA DO MINHO,31105,CANTELAES
VIEIRA DO MINHO,31107,EIRA VEDRA
VIEIRA DO MINHO,31108,GUILHOFREI
VIEIRA DO MINHO,31109,LOUREDO
VIEIRA DO MINHO,31110,MOSTEIRO
VIEIRA DO MINHO,31111,PARADA DO BOURO
VIEIRA DO MINHO,31112,PINHEIRO
VIEIRA DO MINHO,31113,ROSSAS
VIEIRA DO MINHO,31115,SALAMONDE
VIEIRA DO MINHO,31118,TABUACAS
VIEIRA DO MINHO,31120,VIEIRA DO MINHO
VIEIRA DO MINHO,31122,ANISSO
VIEIRA DO MINHO,31123,ANJOS
VIEIRA DO MINHO,31124,CANICADA
VIEIRA DO MINHO,31125,RUIVAES
VIEIRA DO MINHO,31126,VENTOSA
VILA DA PRAIA DA VITORIA,430201,AGUALVA
VILA DA PRAIA DA VITORIA,430202,BISCOITOS
VILA DA PRAIA DA VITORIA,430203,CABO DA PRAIA
VILA DA PRAIA DA VITORIA,430204,FONTE DO BASTARDO
VILA DA PRAIA DA VITORIA,430205,FONTINHAS
VILA DA PRAIA DA VITORIA,430206,LAJES
VILA DA PRAIA DA VITORIA,430207,PRAIA DA VITORIA
VILA DA PRAIA DA VITORIA,430208,QUATRO RIBEIRAS
VILA DA PRAIA DA VITORIA,430209,SAO BRAS
VILA DA PRAIA DA VITORIA,430210,VILA NOVA
VILA DA PRAIA DA VITORIA,430211,PORTO MARTINS
VILA DE REI,51001,FUNDADA
VILA DE REI,51002,SAO JOAO DO PESO
VILA DE REI,51003,VILA DE REI
VILA DO BISPO,81501,BARAO DE SAO MIGUEL
VILA DO BISPO,81502,BUDENS
VILA DO BISPO,81504,SAGRES
VILA DO BISPO,81506,VILA DO BISPO
VILA DO CONDE,131602,ARVORE
VILA DO CONDE,131603,AVELEDA
VILA DO CONDE,131604,AZURARA
VILA DO CONDE,131607,FAJOZES
VILA DO CONDE,131610,GIAO
VILA DO CONDE,131611,GUILHABREU
VILA DO CONDE,131612,JUNQUEIRA
VILA DO CONDE,131613,LABRUGE
VILA DO CONDE,131614,MACIEIRA DA MAIA
VILA DO CONDE,131616,MINDELO
VILA DO CONDE,131617,MODIVAS
VILA DO CONDE,131627,VILA CHA
VILA DO CONDE,131628,VILA DO CONDE
VILA DO CONDE,131630,VILAR DE PINHEIRO
VILA DO CONDE,131631,BAGUNTE
VILA DO CONDE,131632,FORNELO
VILA DO CONDE,131633,MALTA
VILA DO CONDE,131634,RETORTA
VILA DO CONDE,131635,RIO MAU
VILA DO CONDE,131636,TOUGUINHA
VILA DO CONDE,131637,VILAR
VILA DO PORTO,410101,ALMAGREIRA
VILA DO PORTO,410102,SANTA BARBARA
VILA DO PORTO,410103,SANTO ESPIRITO
VILA DO PORTO,410104,SAO PEDRO
VILA DO PORTO,410105,VILA DO PORTO
VILA FLOR,41002,BENLHEVAI
VILA FLOR,41005,FREIXIEL
VILA FLOR,41009,ROIOS
VILA FLOR,41010,SAMOES
VILA FLOR,41011,SAMPAIO
VILA FLOR,41012,SANTA COMBA DE VILARICA
VILA FLOR,41013,SEIXO DE MANHOSES
VILA FLOR,41014,TRINDADE
VILA FLOR,41015,VALE FRECHOSO
VILA FLOR,41020,ASSARES
VILA FLOR,41021,CANDOSO
VILA FLOR,41022,VALTORNO
VILA FLOR,41023,VILA FLOR
VILA FLOR,41024,VILAS BOAS
VILA FRANCA DE XIRA,111408,VIALONGA
VILA FRANCA DE XIRA,111409,VILA FRANCA DE XIRA
VILA FRANCA DE XIRA,111412,ALHANDRA
VILA FRANCA DE XIRA,111413,ALVERCA DO RIBATEJO
VILA FRANCA DE XIRA,111414,CASTANHEIRA DO RIBATEJO
VILA FRANCA DE XIRA,111415,POVOA DE SANTA IRIA
VILA FRANCA DO CAMPO,420601,AGUA DE ALTO
VILA FRANCA DO CAMPO,420602,PONTA GARCA
VILA FRANCA DO CAMPO,420603,RIBEIRA DAS TAINHAS
VILA FRANCA DO CAMPO,420604,VILA FRANCA DO CAMPO
VILA FRANCA DO CAMPO,420606,RIBEIRA SECA
VILA NOVA DA BARQUINHA,142001,ATALAIA
VILA NOVA DA BARQUINHA,142002,PRAIA DO RIBATEJO
VILA NOVA DA BARQUINHA,142003,TANCOS
VILA NOVA DA BARQUINHA,142006,VILA NOVA DA BARQUINHA
VILA NOVA DE CERVEIRA,161003,CORNES
VILA NOVA DE CERVEIRA,161004,COVAS
VILA NOVA DE CERVEIRA,161006,GONDAREM
VILA NOVA DE CERVEIRA,161007,LOIVO
VILA NOVA DE CERVEIRA,161009,MENTRESTIDO
VILA NOVA DE CERVEIRA,161012,SAPARDOS
VILA NOVA DE CERVEIRA,161013,SOPO
VILA NOVA DE CERVEIRA,161016,CAMPOS
VILA NOVA DE CERVEIRA,161017,CANDEMIL
VILA NOVA DE CERVEIRA,161018,REBOREDA
VILA NOVA DE CERVEIRA,161019,VILA NOVA DE CERVEIRA
VILA NOVA DE FAMALICAO,31204,BAIRRO
VILA NOVA DE FAMALICAO,31206,BRUFE
VILA NOVA DE FAMALICAO,31210,CASTELOES
VILA NOVA DE FAMALICAO,31212,CRUZ
VILA NOVA DE FAMALICAO,31213,DELAES
VILA NOVA DE FAMALICAO,31215,FRADELOS
VILA NOVA DE FAMALICAO,31216,GAVIAO
VILA NOVA DE FAMALICAO,31219,JOANE
VILA NOVA DE FAMALICAO,31221,LANDIM
VILA NOVA DE FAMALICAO,31223,LOURO
VILA NOVA DE FAMALICAO,31224,LOUSADO
VILA NOVA DE FAMALICAO,31225,MOGEGE
VILA NOVA DE FAMALICAO,31227,NINE
VILA NOVA DE FAMALICAO,31230,PEDOME
VILA NOVA DE FAMALICAO,31232,POUSADA DE SARAMAGOS
VILA NOVA DE FAMALICAO,31233,REQUIAO
VILA NOVA DE FAMALICAO,31234,RIBA DE AVE
VILA NOVA DE FAMALICAO,31235,RIBEIRAO
VILA NOVA DE FAMALICAO,31239,OLIVEIRA
VILA NOVA DE FAMALICAO,31241,VALE
VILA NOVA DE FAMALICAO,31247,VERMOIM
VILA NOVA DE FAMALICAO,31249,VILARINHO DAS CAMBAS
VILA NOVA DE FAMALICAO,31250,ANTAS
VILA NOVA DE FAMALICAO,31251,ARNOSO
VILA NOVA DE FAMALICAO,31252,AVIDOS
VILA NOVA DE FAMALICAO,31253,CARREIRA
VILA NOVA DE FAMALICAO,31254,ESMERIZ
VILA NOVA DE FAMALICAO,31255,GONDIFELOS
VILA NOVA DE FAMALICAO,31256,LEMENHE
VILA NOVA DE FAMALICAO,31257,RUIVAES
VILA NOVA DE FAMALICAO,31258,SEIDE
VILA NOVA DE FAMALICAO,31260,VILA NOVA DE FAMALICAO
VILA NOVA DE FOZ COA,91401,ALMENDRA
VILA NOVA DE FOZ COA,91402,CASTELO MELHOR
VILA NOVA DE FOZ COA,91403,CEDOVIM
VILA NOVA DE FOZ COA,91404,CHAS
VILA NOVA DE FOZ COA,91405,CUSTOIAS
VILA NOVA DE FOZ COA,91407,HORTA
VILA NOVA DE FOZ COA,91410,MUXAGATA
VILA NOVA DE FOZ COA,91411,NUMAO
VILA NOVA DE FOZ COA,91412,SANTA COMBA
VILA NOVA DE FOZ COA,91414,SEBADELHE
VILA NOVA DE FOZ COA,91415,SEIXAS
VILA NOVA DE FOZ COA,91416,TOUCA
VILA NOVA DE FOZ COA,91418,FREIXO DE NUMAO
VILA NOVA DE FOZ COA,91419,VILA NOVA DE FOZ COA
VILA NOVA DE GAIA,131701,ARCOZELO
VILA NOVA DE GAIA,131702,AVINTES
VILA NOVA DE GAIA,131703,CANELAS
VILA NOVA DE GAIA,131704,CANIDELO
VILA NOVA DE GAIA,131709,MADALENA
VILA NOVA DE GAIA,131712,OLIVEIRA DO DOURO
VILA NOVA DE GAIA,131717,SAO FELIX DA MARINHA
VILA NOVA DE GAIA,131723,VILAR DE ANDORINHO
VILA NOVA DE GAIA,131725,GRIJO
VILA NOVA DE GAIA,131726,GULPILHARES
VILA NOVA DE GAIA,131727,MAFAMUDE
VILA NOVA DE GAIA,131728,PEDROSO
VILA NOVA DE GAIA,131729,SANDIM
VILA NOVA DE GAIA,131730,SANTA MARINHA
VILA NOVA DE GAIA,131731,SERZEDO
VILA NOVA DE PAIVA,182203,PENDILHE
VILA NOVA DE PAIVA,182204,QUEIRIGA
VILA NOVA DE PAIVA,182205,TOURO
VILA NOVA DE PAIVA,182206,VILA COVA A COELHEIRA
VILA NOVA DE PAIVA,182208,VILA NOVA DE PAIVA
VILA NOVA DE POIARES,61701,ARRIFANA
VILA NOVA DE POIARES,61702,LAVEGADAS
VILA NOVA DE POIARES,61703,POIARES
VILA NOVA DE POIARES,61704,SAO MIGUEL DE POIARES
VILA POUCA DE AGUIAR,171302,ALFARELA DE JALES
VILA POUCA DE AGUIAR,171303,BORNES DE AGUIAR
VILA POUCA DE AGUIAR,171304,BRAGADO
VILA POUCA DE AGUIAR,171305,CAPELUDOS
VILA POUCA DE AGUIAR,171310,SOUTELO DE AGUIAR
VILA POUCA DE AGUIAR,171311,TELOES
VILA POUCA DE AGUIAR,171312,TRESMINAS
VILA POUCA DE AGUIAR,171313,VALOURA
VILA POUCA DE AGUIAR,171314,VILA POUCA DE AGUIAR
VILA POUCA DE AGUIAR,171315,VREIA DE BORNES
VILA POUCA DE AGUIAR,171316,VREIA DE JALES
VILA POUCA DE AGUIAR,171317,SABROSO DE AGUIAR
VILA POUCA DE AGUIAR,171319,ALVAO
VILA POUCA DE AGUIAR,171320,PENSALVOS
VILA REAL,171401,ABACAS
VILA REAL,171403,ANDRAES
VILA REAL,171404,ARROIOS
VILA REAL,171406,CAMPEA
VILA REAL,171409,FOLHADELA
VILA REAL,171410,GUIAES
VILA REAL,171414,LORDELO
VILA REAL,171415,MATEUS
VILA REAL,171416,MONDROES
VILA REAL,171420,PARADA DE CUNHOS
VILA REAL,171426,TORGUEDA
VILA REAL,171429,VILA MARIM
VILA REAL,171431,ADOUFE
VILA REAL,171432,BORBELA
VILA REAL,171433,CONSTANTIM
VILA REAL,171434,MOUCOS
VILA REAL,171435,NOGUEIRA
VILA REAL,171436,PENA
VILA REAL,171437,SAO TOME DO CASTELO
VILA REAL,171438,VILA REAL
VILA REAL DE SANTO ANTONIO,81601,VILA NOVA DE CACELA
VILA REAL DE SANTO ANTONIO,81602,VILA REAL DE SANTO ANTONIO
VILA REAL DE SANTO ANTONIO,81603,MONTE GORDO
VILA VELHA DE RODAO,51101,FRATEL
VILA VELHA DE RODAO,51102,PERAIS
VILA VELHA DE RODAO,51103,SARNADAS DE RODAO
VILA VELHA DE RODAO,51104,VILA VELHA DE RODAO
VILA VERDE,31304,ATIAES
VILA VERDE,31308,CABANELAS
VILA VERDE,31309,CERVAES
VILA VERDE,31311,COUCIEIRO
VILA VERDE,31313,DOSSAOS
VILA VERDE,31316,FREIRIZ
VILA VERDE,31317,GEME
VILA VERDE,31323,LAGE
VILA VERDE,31324,LANHAS
VILA VERDE,31325,LOUREIRA
VILA VERDE,31328,MOURE
VILA VERDE,31330,OLEIROS
VILA VERDE,31331,PARADA DE GATIM
VILA VERDE,31335,PICO
VILA VERDE,31337,PONTE
VILA VERDE,31340,SABARIZ
VILA VERDE,31342,VILA DE PRADO
VILA VERDE,31350,PRADO
VILA VERDE,31352,SOUTELO
VILA VERDE,31354,TURIZ
VILA VERDE,31355,VALDREU
VILA VERDE,31359,ABOIM DA NOBREGA
VILA VERDE,31360,RIBEIRA DO NEIVA
VILA VERDE,31361,CARREIRAS
VILA VERDE,31362,ESCARIZ
VILA VERDE,31363,ESQUEIROS
VILA VERDE,31364,MARRANCOS
VILA VERDE,31365,ORIZ
VILA VERDE,31366,PICO DE REGALADOS
VILA VERDE,31367,SANDE
VILA VERDE,31368,VALBOM
VILA VERDE,31369,VADE
VILA VERDE,31370,VILA VERDE
VILA VICOSA,71401,BENCATEL
VILA VICOSA,71402,CILADAS
VILA VICOSA,71404,PARDAIS
VILA VICOSA,71406,NOSSA SENHORA DA CONCEICAO
VIMIOSO,41103,ARGOZELO
VIMIOSO,41107,CARCAO
VIMIOSO,41108,MATELA
VIMIOSO,41109,PINELO
VIMIOSO,41110,SANTULHAO
VIMIOSO,41113,VILAR SECO
VIMIOSO,41114,VIMIOSO
VIMIOSO,41115,ALGOSO
VIMIOSO,41116,CACARELHOS
VIMIOSO,41117,VALE DE FRADES
VINHAIS,41201,AGROCHAO
VINHAIS,41203,CANDEDO
VINHAIS,41204,CELAS
VINHAIS,41206,EDRAL
VINHAIS,41207,EDROSA
VINHAIS,41208,ERVEDOSA
VINHAIS,41215,PACO
VINHAIS,41216,PENHAS JUNTAS
VINHAIS,41219,REBORDELO
VINHAIS,41221,SANTALHA
VINHAIS,41226,TUIZELO
VINHAIS,41227,VALE DAS FONTES
VINHAIS,41229,VILA BOA DE OUSILHAO
VINHAIS,41230,VILA VERDE
VINHAIS,41232,VILAR DE OSSOS
VINHAIS,41233,VILAR DE PEREGRINOS
VINHAIS,41234,VILAR SECO DE LOMBA
VINHAIS,41235,VINHAIS
VINHAIS,41236,CUROPOS
VINHAIS,41237,MOIMENTA
VINHAIS,41238,NUNES
VINHAIS,41239,QUIRAS
VINHAIS,41240,SOBREIRO DE BAIXO
VINHAIS,41241,SOEIRA
VINHAIS,41242,TRAVANCA
VINHAIS,41243,VILAR DE LOMBA
VISEU,182301,ABRAVESES
VISEU,182304,BODIOSA
VISEU,182305,CALDE
VISEU,182306,CAMPO
VISEU,182307,CAVERNAES
VISEU,182310,COTA
VISEU,182315,FRAGOSELA
VISEU,182316,LORDOSA
VISEU,182317,SILGUEIROS
VISEU,182318,MUNDAO
VISEU,182319,ORGENS
VISEU,182320,POVOLIDE
VISEU,182321,RANHADOS
VISEU,182322,RIBAFEITA
VISEU,182323,RIO DE LOBA
VISEU,182325,SANTOS EVOS
VISEU,182327,SAO JOAO DE LOUROSA
VISEU,182329,SAO PEDRO DE FRANCE
VISEU,182335,BARREIROS
VISEU,182336,BOA ALDEIA
VISEU,182337,COUTO DE BAIXO
VISEU,182338,FAIL
VISEU,182339,REPESES
VISEU,182340,SAO CIPRIANO
VISEU,182341,VISEU
VIZELA,31401,SANTA EULALIA
VIZELA,31404,INFIAS
VIZELA,31406,VIZELA
VIZELA,31408,CALDAS DE VIZELA
VIZELA,31409,TAGILDE
VOUZELA,182401,ALCOFRA
VOUZELA,182403,CAMPIA
VOUZELA,182407,FORNELO DO MONTE
VOUZELA,182409,QUEIRA
VOUZELA,182410,SAO MIGUEL DO MATO
VOUZELA,182411,VENTOSA
VOUZELA,182413,CAMBRA
VOUZELA,182414,FATAUNCOS
VOUZELA,182415,VOUZELA
